id;inspection_id;pit
1;1;RML
2;2;MKP
3;3;MKP
4;4;RML
5;5;RML
6;6;MKP
7;7;MKP
8;8;MKP
9;9;MKP
10;10;MKP
11;11;MKP
12;12;MKP
13;13;MKP
14;14;MKP
15;15;MKP
16;16;MKP
17;17;MKP
18;18;MKP
19;19;MKP
20;20;RML
21;21;RML
22;22;MKP
23;23;RML
24;24;RML
25;25;RML
26;26;MKP
27;27;RML
28;28;MKP
29;29;MKP
30;30;MKP
31;31;MKP
32;32;MKP
33;33;MKP
34;34;RML
35;35;RML
36;36;MKP
37;37;MKP
38;38;RML
39;39;RML
40;40;RML
41;41;MKP
42;42;MKP
43;43;MKP
44;44;MKP
45;45;MKP
46;46;MKP
47;47;RML
48;48;RML
49;49;RML
50;50;MKP
51;51;RML
52;52;RML
53;53;MKP
54;54;MKP
55;55;MKP
56;56;MKP
57;57;RML
58;58;MKP
59;59;MKP
60;60;MKP
61;61;MKP
62;62;MKP
63;63;MKP
64;64;MKP
65;65;MKP
66;66;RML
67;67;RML
68;68;MKP
69;69;MKP
70;70;MKP
71;71;MKP
72;72;MKP
73;73;MKP
74;74;MKP
75;75;RML
76;76;RML
77;77;MKP
78;78;MKP
79;79;MKP
80;80;MKP
81;81;MKP
82;82;MKP
83;83;RML
84;84;RML
85;85;MKP
86;86;MKP
87;87;MKP
88;88;MKP
89;89;MKP
90;90;MKP
91;91;MKP
92;92;RML
93;93;RML
94;94;MKP
95;95;MKP
96;96;MKP
97;97;MKP
98;98;MKP
99;99;MKP
100;100;MKP
101;101;MKP
102;102;MKP
103;103;RML
104;104;RML
105;105;RML
106;106;MKP
107;107;MKP
108;108;MKP
109;109;MKP
110;110;MKP
111;111;MKP
112;112;MKP
113;113;MKP
114;114;MKP
115;115;RML
116;116;MKP
117;117;RML
118;118;RML
119;119;MKP
120;120;MKP
121;121;MKP
122;122;MKP
123;123;MKP
124;124;MKP
125;125;MKP
126;126;RML
127;127;RML
128;128;MKP
129;129;MKP
130;130;MKP
131;131;MKP
132;132;RML
133;133;RML
134;134;RML
135;135;MKP
136;136;MKP
137;137;MKP
138;138;MKP
139;139;MKP
140;140;RML
141;141;RML
142;142;MKP
143;143;RML
144;144;MKP
145;145;RML
146;146;MKP
147;147;MKP
148;148;MKP
149;149;MKP
150;150;MKP
151;151;MKP
152;152;MKP
153;153;RML
154;154;RML
155;155;MKP
156;156;MKP
157;157;MKP
158;158;MKP
159;159;RML
160;160;MKP
161;161;MKP
162;162;MKP
163;163;MKP
164;164;MKP
165;165;MKP
166;166;RML
167;167;RML
168;168;MKP
169;169;MKP
170;170;MKP
171;171;RML
172;172;RML
173;173;MKP
174;174;MKP
175;175;MKP
176;176;MKP
177;177;MKP
178;178;MKP
179;179;MKP
180;180;MKP
181;181;MKP
182;182;MKP
183;183;MKP
184;184;RML
185;185;MKP
186;186;RML
187;187;MKP
188;188;MKP
189;189;RML
190;190;MKP
191;191;MKP
192;192;MKP
193;193;MKP
194;194;RML
195;195;MKP
196;196;RML
197;197;MKP
198;198;MKP
199;199;MKP
200;200;MKP
201;201;RML
202;202;RML
203;203;MKP
204;204;MKP
205;205;MKP
206;206;MKP
207;207;MKP
208;208;RML
209;209;MKP
210;210;MKP
211;211;MKP
212;212;MKP
213;213;RML
214;214;MKP
215;215;MKP
216;216;MKP
217;217;RML
218;218;MKP
219;219;MKP
220;220;MKP
221;221;MKP
222;222;MKP
223;223;MKP
224;224;MKP
225;225;MKP
226;226;MKP
227;227;RML
228;228;RML
229;229;RML
230;230;MKP
231;231;RML
232;232;RML
233;233;RML
234;234;MKP
235;235;MKP
236;236;MKP
237;237;MKP
238;238;RML
239;239;MKP
240;240;MKP
241;241;MKP
242;242;RML
243;243;RML
244;244;RML
245;245;RML
246;246;MKP
247;247;MKP
248;248;RML
249;249;RML
250;250;MKP
251;251;MKP
252;252;MKP
253;253;RML
254;254;RML
255;255;MKP
256;256;MKP
257;257;MKP
258;258;MKP
259;259;MKP
260;260;MKP
261;261;MKP
262;262;MKP
263;263;MKP
264;264;RML
265;265;MKP
266;266;RML
267;267;RML
268;268;RML
269;269;RML
270;270;RML
271;271;RML
272;272;RML
273;273;RML
274;274;RML
275;275;RML
276;276;RML
277;277;MKP
278;278;MKP
279;279;RML
280;280;MKP
281;281;RML
282;282;RML
283;283;RML
284;284;MKP
285;285;RML
286;286;MKP
287;287;RML
288;288;MKP
289;289;MKP
290;290;MKP
291;291;MKP
292;292;MKP
293;293;MKP
294;294;MKP
295;295;RML
296;296;RML
297;297;RML
298;298;MKP
299;299;MKP
300;300;MKP
301;301;MKP
302;302;MKP
303;303;MKP
304;304;MKP
305;305;MKP
306;306;MKP
307;307;MKP
308;308;MKP
309;309;MKP
310;310;RML
311;311;RML
312;312;RML
313;313;RML
314;314;MKP
315;315;MKP
316;316;MKP
317;317;MKP
318;318;MKP
319;319;MKP
320;320;RML
321;321;RML
322;322;MKP
323;323;MKP
324;324;RML
325;325;MKP
326;326;MKP
327;327;RML
328;328;RML
329;329;MKP
330;330;MKP
331;331;MKP
332;332;RML
333;333;MKP
334;334;MKP
335;335;MKP
336;336;MKP
337;337;MKP
338;338;MKP
339;339;MKP
340;340;MKP
341;341;MKP
342;342;MKP
343;343;MKP
344;344;MKP
345;345;MKP
346;346;MKP
347;347;MKP
348;348;MKP
349;349;MKP
350;350;RML
351;351;RML
352;352;MKP
353;353;MKP
354;354;RML
355;355;RML
356;356;RML
357;357;MKP
358;358;MKP
359;359;RML
360;360;MKP
361;361;RML
362;362;RML
363;363;RML
364;364;MKP
365;365;MKP
366;366;RML
367;367;RML
368;368;RML
369;369;MKP
370;370;MKP
371;371;MKP
372;372;MKP
373;373;RML
374;374;RML
375;375;MKP
376;376;MKP
377;377;MKP
378;378;RML
379;379;RML
380;380;RML
381;381;RML
382;382;RML
383;383;RML
384;384;RML
385;385;RML
386;386;MKP
387;387;MKP
388;388;RML
389;389;MKP
390;390;MKP
391;391;MKP
392;392;MKP
393;393;MKP
394;394;MKP
395;395;MKP
396;396;MKP
397;397;MKP
398;398;MKP
399;399;MKP
400;400;MKP
401;401;MKP
402;402;MKP
403;403;RML
404;404;RML
405;405;RML
406;406;MKP
407;407;RML
408;408;RML
409;409;MKP
410;410;MKP
411;411;RML
412;412;RML
413;413;RML
414;414;RML
415;415;MKP
416;416;MKP
417;417;MKP
418;418;MKP
419;419;MKP
420;420;RML
421;421;RML
422;422;RML
423;423;MKP
424;424;MKP
425;425;MKP
426;426;MKP
427;427;MKP
428;428;MKP
429;429;MKP
430;430;MKP
431;431;MKP
432;432;MKP
433;433;MKP
434;434;MKP
435;435;MKP
436;436;MKP
437;437;RML
438;438;RML
439;439;MKP
440;440;MKP
441;441;MKP
442;442;MKP
443;443;MKP
444;444;MKP
445;445;RML
446;446;MKP
447;447;MKP
448;448;MKP
449;449;MKP
450;450;RML
451;451;RML
452;452;MKP
453;453;MKP
454;454;MKP
455;455;RML
456;456;MKP
457;457;MKP
458;458;MKP
459;459;MKP
460;460;MKP
461;461;MKP
462;462;MKP
463;463;MKP
464;464;MKP
465;465;MKP
466;466;MKP
467;467;MKP
468;468;MKP
469;469;MKP
470;470;RML
471;471;RML
472;472;MKP
473;473;MKP
474;474;MKP
475;475;MKP
476;476;MKP
477;477;MKP
478;478;MKP
479;479;MKP
480;480;MKP
481;481;MKP
482;482;MKP
483;483;MKP
484;484;MKP
485;485;RML
486;486;RML
487;487;RML
488;488;RML
489;489;RML
490;490;RML
491;491;RML
492;492;RML
493;493;RML
494;494;MKP
495;495;MKP
496;496;MKP
497;497;MKP
498;498;RML
499;499;MKP
500;500;RML
501;501;RML
502;502;RML
503;503;MKP
504;504;RML
505;505;RML
506;506;MKP
507;507;RML
508;508;RML
509;509;MKP
510;510;RML
511;511;RML
512;512;RML
513;513;MKP
514;514;MKP
515;515;MKP
516;516;MKP
517;517;MKP
518;518;RML
519;519;RML
520;520;MKP
521;521;RML
522;522;RML
523;523;MKP
524;524;MKP
525;525;MKP
526;526;MKP
527;527;RML
528;528;RML
529;529;MKP
530;530;MKP
531;531;MKP
532;532;RML
533;533;MKP
534;534;MKP
535;535;MKP
536;536;MKP
537;537;MKP
538;538;MKP
539;539;MKP
540;540;MKP
541;541;RML
542;542;MKP
543;543;RML
544;544;MKP
545;545;RML
546;546;RML
547;547;RML
548;548;MKP
549;549;MKP
550;550;MKP
551;551;MKP
552;552;RML
553;553;RML
554;554;RML
555;555;RML
556;556;RML
557;557;MKP
558;558;MKP
559;559;MKP
560;560;MKP
561;561;MKP
562;562;MKP
563;563;MKP
564;564;MKP
565;565;MKP
566;566;MKP
567;567;RML
568;568;RML
569;569;RML
570;570;RML
571;571;RML
572;572;RML
573;573;RML
574;574;RML
575;575;RML
576;576;RML
577;577;RML
578;578;MKP
579;579;RML
580;580;RML
581;581;MKP
582;582;RML
583;583;RML
584;584;RML
585;585;RML
586;586;RML
587;587;RML
588;588;MKP
589;589;MKP
590;590;MKP
591;591;MKP
592;592;MKP
593;593;MKP
594;594;MKP
595;595;MKP
596;596;MKP
597;597;RML
598;598;RML
599;599;RML
600;600;RML
601;601;RML
602;602;RML
603;603;RML
604;604;RML
605;605;RML
606;606;MKP
607;607;MKP
608;608;RML
609;609;RML
610;610;MKP
611;611;RML
612;612;RML
613;613;RML
614;614;RML
615;615;MKP
616;616;MKP
617;617;MKP
618;618;MKP
619;619;MKP
620;620;MKP
621;621;MKP
622;622;MKP
623;623;MKP
624;624;MKP
625;625;MKP
626;626;MKP
627;627;MKP
628;628;MKP
629;629;MKP
630;630;RML
631;631;MKP
632;632;MKP
633;633;MKP
634;634;MKP
635;635;MKP
636;636;MKP
637;637;MKP
638;638;MKP
639;639;MKP
640;640;MKP
641;641;MKP
642;642;MKP
643;643;MKP
644;644;MKP
645;645;MKP
646;646;MKP
647;647;MKP
648;648;MKP
649;649;MKP
650;650;MKP
651;651;MKP
652;652;MKP
653;653;MKP
654;654;MKP
655;655;MKP
656;656;MKP
657;657;MKP
658;658;MKP
659;659;MKP
660;660;MKP
661;661;MKP
662;662;MKP
663;663;MKP
664;664;MKP
665;665;MKP
666;666;MKP
667;667;MKP
668;668;MKP
669;669;MKP
670;670;MKP
671;671;MKP
672;672;MKP
673;673;MKP
674;674;MKP
675;675;MKP
676;676;MKP
677;677;MKP
678;678;MKP
679;679;MKP
680;680;RML
681;681;RML
682;682;RML
683;683;RML
684;684;MKP
685;685;RML
686;686;RML
687;687;MKP
688;688;RML
689;689;RML
690;690;RML
691;691;MKP
692;692;MKP
693;693;MKP
694;694;MKP
695;695;MKP
696;696;MKP
697;697;MKP
698;698;MKP
699;699;RML
700;700;RML
701;701;RML
702;702;RML
703;703;RML
704;704;RML
705;705;RML
706;706;RML
707;707;MKP
708;708;MKP
709;709;MKP
710;710;MKP
711;711;MKP
712;712;MKP
713;713;MKP
714;714;RML
715;715;MKP
716;716;MKP
717;717;MKP
718;718;MKP
719;719;RML
720;720;RML
721;721;RML
722;722;RML
723;723;RML
724;724;RML
725;725;MKP
726;726;MKP
727;727;MKP
728;728;MKP
729;729;MKP
730;730;MKP
731;731;RML
732;732;MKP
733;733;RML
734;734;RML
735;735;RML
736;736;RML
737;737;RML
738;738;MKP
739;739;RML
740;740;MKP
741;741;MKP
742;742;MKP
743;743;MKP
744;744;MKP
745;745;MKP
746;746;RML
747;747;MKP
748;748;MKP
749;749;MKP
750;750;MKP
751;751;MKP
752;752;MKP
753;753;MKP
754;754;RML
755;755;RML
756;756;RML
757;757;RML
758;758;RML
759;759;RML
760;760;MKP
761;761;MKP
762;762;MKP
763;763;MKP
764;764;MKP
765;765;MKP
766;766;MKP
767;767;MKP
768;768;MKP
769;769;MKP
770;770;MKP
771;771;RML
772;772;MKP
773;773;RML
774;774;RML
775;775;RML
776;776;RML
777;777;MKP
778;778;MKP
779;779;MKP
780;780;MKP
781;781;MKP
782;782;MKP
783;783;MKP
784;784;MKP
785;785;MKP
786;786;MKP
787;787;MKP
788;788;RML
789;789;RML
790;790;RML
791;791;RML
792;792;RML
793;793;MKP
794;794;MKP
795;795;MKP
796;796;MKP
797;797;MKP
798;798;MKP
799;799;MKP
800;800;MKP
801;801;MKP
802;802;MKP
803;803;MKP
804;804;MKP
805;805;MKP
806;806;RML
807;807;RML
808;808;RML
809;809;MKP
810;810;RML
811;811;RML
812;812;MKP
813;813;MKP
814;814;MKP
815;815;MKP
816;816;MKP
817;817;MKP
818;818;MKP
819;819;MKP
820;820;MKP
821;821;MKP
822;822;RML
823;823;RML
824;824;MKP
825;825;MKP
826;826;MKP
827;827;MKP
828;828;MKP
829;829;MKP
830;830;MKP
831;831;RML
832;832;MKP
833;833;RML
834;834;RML
835;835;MKP
836;836;MKP
837;837;RML
838;838;MKP
839;839;MKP
840;840;MKP
841;841;RML
842;842;RML
843;843;RML
844;844;MKP
845;845;MKP
846;846;MKP
847;847;RML
848;848;RML
849;849;RML
850;850;MKP
851;851;MKP
852;852;MKP
853;853;MKP
854;854;MKP
855;855;MKP
856;856;MKP
857;857;MKP
858;858;MKP
859;859;MKP
860;860;RML
861;861;RML
862;862;RML
863;863;RML
864;864;RML
865;865;RML
866;866;RML
867;867;MKP
868;868;RML
869;869;MKP
870;870;MKP
871;871;MKP
872;872;MKP
873;873;MKP
874;874;MKP
875;875;MKP
876;876;MKP
877;877;RML
878;878;RML
879;879;RML
880;880;RML
881;881;MKP
882;882;MKP
883;883;MKP
884;884;MKP
885;885;MKP
886;886;MKP
887;887;MKP
888;888;MKP
889;889;RML
890;890;RML
891;891;RML
892;892;MKP
893;893;MKP
894;894;MKP
895;895;MKP
896;896;MKP
897;897;MKP
898;898;MKP
899;899;MKP
900;900;MKP
901;901;MKP
902;902;RML
903;903;RML
904;904;MKP
905;905;MKP
906;906;MKP
907;907;MKP
908;908;RML
909;909;RML
910;910;RML
911;911;MKP
912;912;MKP
913;913;MKP
914;914;MKP
915;915;MKP
916;916;MKP
917;917;MKP
918;918;MKP
919;919;RML
920;920;RML
921;921;RML
922;922;RML
923;923;MKP
924;924;MKP
925;925;MKP
926;926;RML
927;927;RML
928;928;RML
929;929;MKP
930;930;RML
931;931;MKP
932;932;MKP
933;933;MKP
934;934;MKP
935;935;MKP
936;936;RML
937;937;MKP
938;938;MKP
939;939;RML
940;940;MKP
941;941;MKP
942;942;MKP
943;943;MKP
944;944;MKP
945;945;MKP
946;946;RML
947;947;MKP
948;948;MKP
949;949;MKP
950;950;MKP
951;951;MKP
952;952;MKP
953;953;RML
954;954;RML
955;955;RML
956;956;MKP
957;957;MKP
958;958;MKP
959;959;MKP
960;960;MKP
961;961;MKP
962;962;MKP
963;963;RML
964;964;MKP
965;965;MKP
966;966;MKP
967;967;MKP
968;968;MKP
969;969;MKP
970;970;MKP
971;971;MKP
972;972;MKP
973;973;MKP
974;974;RML
975;975;RML
976;976;MKP
977;977;MKP
978;978;MKP
979;979;MKP
980;980;MKP
981;981;MKP
982;982;MKP
983;983;RML
984;984;MKP
985;985;MKP
986;986;MKP
987;987;MKP
988;988;MKP
989;989;MKP
990;990;MKP
991;991;MKP
992;992;MKP
993;993;MKP
994;994;RML
995;995;MKP
996;996;RML
997;997;MKP
998;998;MKP
999;999;RML
1000;1000;MKP
1001;1001;RML
1002;1002;MKP
1003;1003;MKP
1004;1004;MKP
1005;1005;MKP
1006;1006;MKP
1007;1007;MKP
1008;1008;MKP
1009;1009;MKP
1010;1010;MKP
1011;1011;MKP
1012;1012;MKP
1013;1013;MKP
1014;1014;MKP
1015;1015;MKP
1016;1016;MKP
1017;1017;MKP
1018;1018;MKP
1019;1019;MKP
1020;1020;MKP
1021;1021;MKP
1022;1022;MKP
1023;1023;MKP
1024;1024;MKP
1025;1025;MKP
1026;1026;MKP
1027;1027;MKP
1028;1028;RML
1029;1029;MKP
1030;1030;MKP
1031;1031;MKP
1032;1032;MKP
1033;1033;MKP
1034;1034;MKP
1035;1035;MKP
1036;1036;MKP
1037;1037;MKP
1038;1038;MKP
1039;1039;MKP
1040;1040;MKP
1041;1041;MKP
1042;1042;MKP
1043;1043;MKP
1044;1044;MKP
1045;1045;RML
1046;1046;RML
1047;1047;RML
1048;1048;RML
1049;1049;RML
1050;1050;RML
1051;1051;MKP
1052;1052;MKP
1053;1053;MKP
1054;1054;MKP
1055;1055;MKP
1056;1056;MKP
1057;1057;MKP
1058;1058;MKP
1059;1059;MKP
1060;1060;MKP
1061;1061;MKP
1062;1062;MKP
1063;1063;RML
1064;1064;RML
1065;1065;MKP
1066;1066;MKP
1067;1067;MKP
1068;1068;MKP
1069;1069;MKP
1070;1070;MKP
1071;1071;MKP
1072;1072;MKP
1073;1073;MKP
1074;1074;MKP
1075;1075;MKP
1076;1076;MKP
1077;1077;MKP
1078;1078;MKP
1079;1079;MKP
1080;1080;MKP
1081;1081;RML
1082;1082;RML
1083;1083;MKP
1084;1084;MKP
1085;1085;MKP
1086;1086;MKP
1087;1087;MKP
1088;1088;MKP
1089;1089;MKP
1090;1090;MKP
1091;1091;MKP
1092;1092;MKP
1093;1093;MKP
1094;1094;RML
1095;1095;RML
1096;1096;MKP
1097;1097;MKP
1098;1098;RML
1099;1099;MKP
1100;1100;MKP
1101;1101;MKP
1102;1102;MKP
1103;1103;MKP
1104;1104;MKP
1105;1105;MKP
1106;1106;RML
1107;1107;RML
1108;1108;MKP
1109;1109;MKP
1110;1110;MKP
1111;1111;MKP
1112;1112;MKP
1113;1113;MKP
1114;1114;MKP
1115;1115;MKP
1116;1116;MKP
1117;1117;MKP
1118;1118;MKP
1119;1119;RML
1120;1120;RML
1121;1121;MKP
1122;1122;MKP
1123;1123;MKP
1124;1124;MKP
1125;1125;MKP
1126;1126;MKP
1127;1127;MKP
1128;1128;MKP
1129;1129;MKP
1130;1130;RML
1131;1131;RML
1132;1132;RML
1133;1133;RML
1134;1134;MKP
1135;1135;MKP
1136;1136;MKP
1137;1137;RML
1138;1138;MKP
1139;1139;MKP
1140;1140;MKP
1141;1141;MKP
1142;1142;MKP
1143;1143;MKP
1144;1144;MKP
1145;1145;MKP
1146;1146;MKP
1147;1147;RML
1148;1148;MKP
1149;1149;MKP
1150;1150;MKP
1151;1151;MKP
1152;1152;MKP
1153;1153;RML
1154;1154;MKP
1155;1155;MKP
1156;1156;MKP
1157;1157;MKP
1158;1158;MKP
1159;1159;RML
1160;1160;MKP
1161;1161;MKP
1162;1162;MKP
1163;1163;MKP
1164;1164;MKP
1165;1165;MKP
1166;1166;RML
1167;1167;RML
1168;1168;RML
1169;1169;RML
1170;1170;RML
1171;1171;MKP
1172;1172;MKP
1173;1173;MKP
1174;1174;MKP
1175;1175;MKP
1176;1176;MKP
1177;1177;MKP
1178;1178;MKP
1179;1179;RML
1180;1180;MKP
1181;1181;MKP
1182;1182;MKP
1183;1183;MKP
1184;1184;MKP
1185;1185;RML
1186;1186;RML
1187;1187;RML
1188;1188;RML
1189;1189;RML
1190;1190;MKP
1191;1191;MKP
1192;1192;MKP
1193;1193;MKP
1194;1194;MKP
1195;1195;MKP
1196;1196;MKP
1197;1197;MKP
1198;1198;RML
1199;1199;RML
1200;1200;RML
1201;1201;MKP
1202;1202;MKP
1203;1203;RML
1204;1204;RML
1205;1205;RML
1206;1206;RML
1207;1207;RML
1208;1208;MKP
1209;1209;MKP
1210;1210;MKP
1211;1211;MKP
1212;1212;MKP
1213;1213;MKP
1214;1214;MKP
1215;1215;MKP
1216;1216;MKP
1217;1217;MKP
1218;1218;MKP
1219;1219;RML
1220;1220;RML
1221;1221;RML
1222;1222;RML
1223;1223;RML
1224;1224;RML
1225;1225;MKP
1226;1226;MKP
1227;1227;MKP
1228;1228;MKP
1229;1229;MKP
1230;1230;MKP
1231;1231;MKP
1232;1232;RML
1233;1233;MKP
1234;1234;MKP
1235;1235;MKP
1236;1236;MKP
1237;1237;MKP
1238;1238;MKP
1239;1239;MKP
1240;1240;MKP
1241;1241;MKP
1242;1242;MKP
1243;1243;RML
1244;1244;RML
1245;1245;RML
1246;1246;RML
1247;1247;RML
1248;1248;MKP
1249;1249;MKP
1250;1250;MKP
1251;1251;MKP
1252;1252;MKP
1253;1253;MKP
1254;1254;MKP
1255;1255;MKP
1256;1256;MKP
1257;1257;RML
1258;1258;MKP
1259;1259;RML
1260;1260;RML
1261;1261;RML
1262;1262;MKP
1263;1263;RML
1264;1264;RML
1265;1265;RML
1266;1266;MKP
1267;1267;MKP
1268;1268;MKP
1269;1269;MKP
1270;1270;MKP
1271;1271;MKP
1272;1272;RML
1273;1273;RML
1274;1274;RML
1275;1275;MKP
1276;1276;MKP
1277;1277;MKP
1278;1278;MKP
1279;1279;MKP
1280;1280;MKP
1281;1281;MKP
1282;1282;RML
1283;1283;RML
1284;1284;MKP
1285;1285;MKP
1286;1286;MKP
1287;1287;RML
1288;1288;RML
1289;1289;MKP
1290;1290;MKP
1291;1291;MKP
1292;1292;MKP
1293;1293;RML
1294;1294;RML
1295;1295;RML
1296;1296;MKP
1297;1297;MKP
1298;1298;MKP
1299;1299;MKP
1300;1300;RML
1301;1301;RML
1302;1302;MKP
1303;1303;MKP
1304;1304;MKP
1305;1305;MKP
1306;1306;MKP
1307;1307;RML
1308;1308;MKP
1309;1309;MKP
1310;1310;MKP
1311;1311;MKP
1312;1312;MKP
1313;1313;MKP
1314;1314;MKP
1315;1315;RML
1316;1316;RML
1317;1317;RML
1318;1318;MKP
1319;1319;MKP
1320;1320;RML
1321;1321;MKP
1322;1322;RML
1323;1323;MKP
1324;1324;MKP
1325;1325;MKP
1326;1326;MKP
1327;1327;MKP
1328;1328;MKP
1329;1329;MKP
1330;1330;MKP
1331;1331;MKP
1332;1332;MKP
1333;1333;RML
1334;1334;RML
1335;1335;RML
1336;1336;MKP
1337;1337;MKP
1338;1338;MKP
1339;1339;MKP
1340;1340;MKP
1341;1341;MKP
1342;1342;MKP
1343;1343;MKP
1344;1344;MKP
1345;1345;MKP
1346;1346;RML
1347;1347;RML
1348;1348;RML
1349;1349;RML
1350;1350;RML
1351;1351;MKP
1352;1352;RML
1353;1353;MKP
1354;1354;MKP
1355;1355;MKP
1356;1356;MKP
1357;1357;MKP
1358;1358;MKP
1359;1359;RML
1360;1360;MKP
1361;1361;RML
1362;1362;RML
1363;1363;RML
1364;1364;RML
1365;1365;MKP
1366;1366;MKP
1367;1367;MKP
1368;1368;MKP
1369;1369;MKP
1370;1370;MKP
1371;1371;RML
1372;1372;MKP
1373;1373;RML
1374;1374;MKP
1375;1375;RML
1376;1376;RML
1377;1377;MKP
1378;1378;MKP
1379;1379;MKP
1380;1380;MKP
1381;1381;MKP
1382;1382;MKP
1383;1383;RML
1384;1384;RML
1385;1385;RML
1386;1386;RML
1387;1387;RML
1388;1388;MKP
1389;1389;MKP
1390;1390;MKP
1391;1391;MKP
1392;1392;MKP
1393;1393;MKP
1394;1394;MKP
1395;1395;MKP
1396;1396;RML
1397;1397;MKP
1398;1398;MKP
1399;1399;MKP
1400;1400;RML
1401;1401;RML
1402;1402;MKP
1403;1403;MKP
1404;1404;MKP
1405;1405;MKP
1406;1406;MKP
1407;1407;MKP
1408;1408;MKP
1409;1409;MKP
1410;1410;RML
1411;1411;RML
1412;1412;RML
1413;1413;MKP
1414;1414;MKP
1415;1415;MKP
1416;1416;MKP
1417;1417;MKP
1418;1418;MKP
1419;1419;MKP
1420;1420;MKP
1421;1421;MKP
1422;1422;MKP
1423;1423;MKP
1424;1424;RML
1425;1425;RML
1426;1426;MKP
1427;1427;MKP
1428;1428;MKP
1429;1429;MKP
1430;1430;MKP
1431;1431;RML
1432;1432;RML
1433;1433;MKP
1434;1434;MKP
1435;1435;MKP
1436;1436;MKP
1437;1437;MKP
1438;1438;RML
1439;1439;MKP
1440;1440;MKP
1441;1441;MKP
1442;1442;MKP
1443;1443;MKP
1444;1444;MKP
1445;1445;RML
1446;1446;MKP
1447;1447;MKP
1448;1448;RML
1449;1449;MKP
1450;1450;MKP
1451;1451;MKP
1452;1452;RML
1453;1453;RML
1454;1454;RML
1455;1455;MKP
1456;1456;MKP
1457;1457;MKP
1458;1458;MKP
1459;1459;MKP
1460;1460;MKP
1461;1461;MKP
1462;1462;MKP
1463;1463;MKP
1464;1464;MKP
1465;1465;MKP
1466;1466;MKP
1467;1467;RML
1468;1468;RML
1469;1469;MKP
1470;1470;MKP
1471;1471;MKP
1472;1472;RML
1473;1473;RML
1474;1474;RML
1475;1475;MKP
1476;1476;MKP
1477;1477;MKP
1478;1478;MKP
1479;1479;MKP
1480;1480;MKP
1481;1481;RML
1482;1482;RML
1483;1483;RML
1484;1484;MKP
1485;1485;MKP
1486;1486;MKP
1487;1487;MKP
1488;1488;MKP
1489;1489;MKP
1490;1490;MKP
1491;1491;MKP
1492;1492;MKP
1493;1493;MKP
1494;1494;RML
1495;1495;RML
1496;1496;MKP
1497;1497;MKP
1498;1498;RML
1499;1499;MKP
1500;1500;RML
1501;1501;MKP
1502;1502;MKP
1503;1503;MKP
1504;1504;MKP
1505;1505;MKP
1506;1506;MKP
1507;1507;MKP
1508;1508;MKP
1509;1509;MKP
1510;1510;MKP
1511;1511;MKP
1512;1512;RML
1513;1513;RML
1514;1514;MKP
1515;1515;MKP
1516;1516;MKP
1517;1517;MKP
1518;1518;MKP
1519;1519;RML
1520;1520;RML
1521;1521;MKP
1522;1522;RML
1523;1523;RML
1524;1524;RML
1525;1525;MKP
1526;1526;MKP
1527;1527;MKP
1528;1528;MKP
1529;1529;MKP
1530;1530;MKP
1531;1531;MKP
1532;1532;MKP
1533;1533;MKP
1534;1534;MKP
1535;1535;MKP
1536;1536;RML
1537;1537;RML
1538;1538;MKP
1539;1539;MKP
1540;1540;MKP
1541;1541;MKP
1542;1542;MKP
1543;1543;MKP
1544;1544;RML
1545;1545;MKP
1546;1546;RML
1547;1547;MKP
1548;1548;MKP
1549;1549;RML
1550;1550;MKP
1551;1551;RML
1552;1552;MKP
1553;1553;MKP
1554;1554;MKP
1555;1555;MKP
1556;1556;MKP
1557;1557;MKP
1558;1558;RML
1559;1559;MKP
1560;1560;RML
1561;1561;RML
1562;1562;MKP
1563;1563;MKP
1564;1564;RML
1565;1565;RML
1566;1566;RML
1567;1567;MKP
1568;1568;MKP
1569;1569;MKP
1570;1570;MKP
1571;1571;RML
1572;1572;MKP
1573;1573;MKP
1574;1574;RML
1575;1575;RML
1576;1576;MKP
1577;1577;MKP
1578;1578;MKP
1579;1579;MKP
1580;1580;MKP
1581;1581;MKP
1582;1582;MKP
1583;1583;MKP
1584;1584;RML
1585;1585;MKP
1586;1586;MKP
1587;1587;MKP
1588;1588;MKP
1589;1589;MKP
1590;1590;RML
1591;1591;RML
1592;1592;RML
1593;1593;MKP
1594;1594;MKP
1595;1595;MKP
1596;1596;MKP
1597;1597;MKP
1598;1598;MKP
1599;1599;MKP
1600;1600;RML
1601;1601;RML
1602;1602;RML
1603;1603;MKP
1604;1604;MKP
1605;1605;MKP
1606;1606;MKP
1607;1607;MKP
1608;1608;MKP
1609;1609;MKP
1610;1610;MKP
1611;1611;MKP
1612;1612;MKP
1613;1613;RML
1614;1614;RML
1615;1615;RML
1616;1616;MKP
1617;1617;MKP
1618;1618;MKP
1619;1619;MKP
1620;1620;MKP
1621;1621;MKP
1622;1622;MKP
1623;1623;RML
1624;1624;MKP
1625;1625;MKP
1626;1626;MKP
1627;1627;MKP
1628;1628;MKP
1629;1629;RML
1630;1630;RML
1631;1631;MKP
1632;1632;MKP
1633;1633;MKP
1634;1634;MKP
1635;1635;MKP
1636;1636;MKP
1637;1637;MKP
1638;1638;MKP
1639;1639;MKP
1640;1640;MKP
1641;1641;RML
1642;1642;MKP
1643;1643;RML
1644;1644;RML
1645;1645;MKP
1646;1646;MKP
1647;1647;MKP
1648;1648;MKP
1649;1649;MKP
1650;1650;RML
1651;1651;RML
1652;1652;MKP
1653;1653;MKP
1654;1654;MKP
1655;1655;MKP
1656;1656;MKP
1657;1657;MKP
1658;1658;MKP
1659;1659;MKP
1660;1660;MKP
1661;1661;MKP
1662;1662;MKP
1663;1663;MKP
1664;1664;MKP
1665;1665;MKP
1666;1666;MKP
1667;1667;MKP
1668;1668;MKP
1669;1669;MKP
1670;1670;MKP
1671;1671;MKP
1672;1672;MKP
1673;1673;MKP
1674;1674;MKP
1675;1675;RML
1676;1676;MKP
1677;1677;MKP
1678;1678;MKP
1679;1679;MKP
1680;1680;MKP
1681;1681;MKP
1682;1682;MKP
1683;1683;MKP
1684;1684;MKP
1685;1685;MKP
1686;1686;MKP
1687;1687;MKP
1688;1688;MKP
1689;1689;MKP
1690;1690;MKP
1691;1691;MKP
1692;1692;MKP
1693;1693;MKP
1694;1694;MKP
1695;1695;MKP
1696;1696;MKP
1697;1697;MKP
1698;1698;MKP
1699;1699;MKP
1700;1700;MKP
1701;1701;MKP
1702;1702;RML
1703;1703;MKP
1704;1704;MKP
1705;1705;MKP
1706;1706;MKP
1707;1707;MKP
1708;1708;MKP
1709;1709;MKP
1710;1710;MKP
1711;1711;MKP
1712;1712;MKP
1713;1713;MKP
1714;1714;MKP
1715;1715;MKP
1716;1716;MKP
1717;1717;MKP
1718;1718;MKP
1719;1719;MKP
1720;1720;MKP
1721;1721;MKP
1722;1722;MKP
1723;1723;MKP
1724;1724;MKP
1725;1725;MKP
1726;1726;MKP
1727;1727;MKP
1728;1728;MKP
1729;1729;MKP
1730;1730;MKP
1731;1731;MKP
1732;1732;RML
1733;1733;MKP
1734;1734;MKP
1735;1735;MKP
1736;1736;MKP
1737;1737;MKP
1738;1738;RML
1739;1739;RML
1740;1740;MKP
1741;1741;MKP
1742;1742;MKP
1743;1743;MKP
1744;1744;RML
1745;1745;MKP
1746;1746;MKP
1747;1747;MKP
1748;1748;MKP
1749;1749;MKP
1750;1750;MKP
1751;1751;MKP
1752;1752;MKP
1753;1753;MKP
1754;1754;MKP
1755;1755;MKP
1756;1756;RML
1757;1757;MKP
1758;1758;MKP
1759;1759;MKP
1760;1760;MKP
1761;1761;RML
1762;1762;RML
1763;1763;MKP
1764;1764;MKP
1765;1765;MKP
1766;1766;MKP
1767;1767;MKP
1768;1768;RML
1769;1769;MKP
1770;1770;MKP
1771;1771;MKP
1772;1772;MKP
1773;1773;MKP
1774;1774;MKP
1775;1775;MKP
1776;1776;MKP
1777;1777;MKP
1778;1778;MKP
1779;1779;MKP
1780;1780;MKP
1781;1781;MKP
1782;1782;MKP
1783;1783;MKP
1784;1784;MKP
1785;1785;MKP
1786;1786;RML
1787;1787;RML
1788;1788;MKP
1789;1789;MKP
1790;1790;MKP
1791;1791;MKP
1792;1792;MKP
1793;1793;RML
1794;1794;RML
1795;1795;RML
1796;1796;RML
1797;1797;MKP
1798;1798;MKP
1799;1799;MKP
1800;1800;MKP
1801;1801;RML
1802;1802;MKP
1803;1803;MKP
1804;1804;MKP
1805;1805;RML
1806;1806;MKP
1807;1807;MKP
1808;1808;RML
1809;1809;RML
1810;1810;MKP
1811;1811;MKP
1812;1812;MKP
1813;1813;RML
1814;1814;MKP
1815;1815;MKP
1816;1816;RML
1817;1817;RML
1818;1818;MKP
1819;1819;MKP
1820;1820;MKP
1821;1821;MKP
1822;1822;RML
1823;1823;MKP
1824;1824;MKP
1825;1825;RML
1826;1826;MKP
1827;1827;MKP
1828;1828;MKP
1829;1829;MKP
1830;1830;RML
1831;1831;RML
1832;1832;MKP
1833;1833;MKP
1834;1834;MKP
1835;1835;MKP
1836;1836;MKP
1837;1837;MKP
1838;1838;MKP
1839;1839;MKP
1840;1840;RML
1841;1841;MKP
1842;1842;MKP
1843;1843;MKP
1844;1844;MKP
1845;1845;MKP
1846;1846;MKP
1847;1847;MKP
1848;1848;MKP
1849;1849;MKP
1850;1850;MKP
1851;1851;MKP
1852;1852;MKP
1853;1853;MKP
1854;1854;MKP
1855;1855;RML
1856;1856;MKP
1857;1857;MKP
1858;1858;MKP
1859;1859;MKP
1860;1860;MKP
1861;1861;MKP
1862;1862;MKP
1863;1863;MKP
1864;1864;MKP
1865;1865;MKP
1866;1866;RML
1867;1867;MKP
1868;1868;RML
1869;1869;RML
1870;1870;MKP
1871;1871;MKP
1872;1872;MKP
1873;1873;MKP
1874;1874;MKP
1875;1875;MKP
1876;1876;MKP
1877;1877;RML
1878;1878;RML
1879;1879;MKP
1880;1880;MKP
1881;1881;MKP
1882;1882;MKP
1883;1883;MKP
1884;1884;RML
1885;1885;RML
1886;1886;RML
1887;1887;MKP
1888;1888;MKP
1889;1889;MKP
1890;1890;RML
1891;1891;RML
1892;1892;RML
1893;1893;RML
1894;1894;MKP
1895;1895;MKP
1896;1896;MKP
1897;1897;MKP
1898;1898;MKP
1899;1899;MKP
1900;1900;MKP
1901;1901;MKP
1902;1902;MKP
1903;1903;RML
1904;1904;MKP
1905;1905;MKP
1906;1906;MKP
1907;1907;RML
1908;1908;RML
1909;1909;RML
1910;1910;MKP
1911;1911;MKP
1912;1912;MKP
1913;1913;MKP
1914;1914;MKP
1915;1915;MKP
1916;1916;MKP
1917;1917;MKP
1918;1918;MKP
1919;1919;MKP
1920;1920;MKP
1921;1921;MKP
1922;1922;MKP
1923;1923;MKP
1924;1924;RML
1925;1925;MKP
1926;1926;MKP
1927;1927;MKP
1928;1928;MKP
1929;1929;MKP
1930;1930;MKP
1931;1931;MKP
1932;1932;MKP
1933;1933;MKP
1934;1934;MKP
1935;1935;MKP
1936;1936;MKP
1937;1937;MKP
1938;1938;RML
1939;1939;RML
1940;1940;MKP
1941;1941;MKP
1942;1942;MKP
1943;1943;MKP
1944;1944;MKP
1945;1945;MKP
1946;1946;MKP
1947;1947;MKP
1948;1948;MKP
1949;1949;MKP
1950;1950;MKP
1951;1951;RML
1952;1952;RML
1953;1953;RML
1954;1954;MKP
1955;1955;MKP
1956;1956;MKP
1957;1957;MKP
1958;1958;MKP
1959;1959;MKP
1960;1960;MKP
1961;1961;RML
1962;1962;MKP
1963;1963;MKP
1964;1964;RML
1965;1965;MKP
1966;1966;MKP
1967;1967;MKP
1968;1968;MKP
1969;1969;MKP
1970;1970;MKP
1971;1971;MKP
1972;1972;MKP
1973;1973;MKP
1974;1974;MKP
1975;1975;MKP
1976;1976;MKP
1977;1977;MKP
1978;1978;MKP
1979;1979;MKP
1980;1980;MKP
1981;1981;MKP
1982;1982;MKP
1983;1983;MKP
1984;1984;MKP
1985;1985;RML
1986;1986;RML
1987;1987;RML
1988;1988;MKP
1989;1989;MKP
1990;1990;MKP
1991;1991;MKP
1992;1992;MKP
1993;1993;MKP
1994;1994;RML
1995;1995;MKP
1996;1996;RML
1997;1997;RML
1998;1998;RML
1999;1999;MKP
2000;2000;MKP
2001;2001;MKP
2002;2002;MKP
2003;2003;MKP
2004;2004;MKP
2005;2005;MKP
2006;2006;MKP
2007;2007;MKP
2008;2008;MKP
2009;2009;MKP
2010;2010;MKP
2011;2011;MKP
2012;2012;MKP
2013;2013;MKP
2014;2014;RML
2015;2015;MKP
2016;2016;MKP
2017;2017;MKP
2018;2018;MKP
2019;2019;MKP
2020;2020;RML
2021;2021;MKP
2022;2022;MKP
2023;2023;MKP
2024;2024;MKP
2025;2025;MKP
2026;2026;MKP
2027;2027;MKP
2028;2028;RML
2029;2029;RML
2030;2030;MKP
2031;2031;MKP
2032;2032;MKP
2033;2033;MKP
2034;2034;MKP
2035;2035;MKP
2036;2036;MKP
2037;2037;MKP
2038;2038;MKP
2039;2039;MKP
2040;2040;MKP
2041;2041;MKP
2042;2042;MKP
2043;2043;MKP
2044;2044;MKP
2045;2045;MKP
2046;2046;MKP
2047;2047;MKP
2048;2048;MKP
2049;2049;MKP
2050;2050;RML
2051;2051;MKP
2052;2052;MKP
2053;2053;MKP
2054;2054;MKP
2055;2055;RML
2056;2056;MKP
2057;2057;RML
2058;2058;MKP
2059;2059;MKP
2060;2060;MKP
2061;2061;MKP
2062;2062;MKP
2063;2063;MKP
2064;2064;MKP
2065;2065;MKP
2066;2066;MKP
2067;2067;MKP
2068;2068;MKP
2069;2069;MKP
2070;2070;RML
2071;2071;MKP
2072;2072;MKP
2073;2073;MKP
2074;2074;RML
2075;2075;MKP
2076;2076;MKP
2077;2077;MKP
2078;2078;RML
2079;2079;RML
2080;2080;MKP
2081;2081;MKP
2082;2082;MKP
2083;2083;MKP
2084;2084;MKP
2085;2085;MKP
2086;2086;MKP
2087;2087;RML
2088;2088;MKP
2089;2089;RML
2090;2090;MKP
2091;2091;MKP
2092;2092;MKP
2093;2093;MKP
2094;2094;MKP
2095;2095;MKP
2096;2096;MKP
2097;2097;MKP
2098;2098;MKP
2099;2099;MKP
2100;2100;MKP
2101;2101;MKP
2102;2102;MKP
2103;2103;MKP
2104;2104;MKP
2105;2105;MKP
2106;2106;MKP
2107;2107;MKP
2108;2108;MKP
2109;2109;MKP
2110;2110;MKP
2111;2111;MKP
2112;2112;MKP
2113;2113;MKP
2114;2114;MKP
2115;2115;MKP
2116;2116;MKP
2117;2117;MKP
2118;2118;MKP
2119;2119;MKP
2120;2120;MKP
2121;2121;MKP
2122;2122;MKP
2123;2123;MKP
2124;2124;MKP
2125;2125;MKP
2126;2126;MKP
2127;2127;MKP
2128;2128;MKP
2129;2129;MKP
2130;2130;MKP
2131;2131;MKP
2132;2132;MKP
2133;2133;MKP
2134;2134;MKP
2135;2135;MKP
2136;2136;MKP
2137;2137;MKP
2138;2138;MKP
2139;2139;MKP
2140;2140;MKP
2141;2141;MKP
2142;2142;MKP
2143;2143;MKP
2144;2144;MKP
2145;2145;MKP
2146;2146;MKP
2147;2147;MKP
2148;2148;MKP
2149;2149;MKP
2150;2150;MKP
2151;2151;MKP
2152;2152;RML
2153;2153;MKP
2154;2154;MKP
2155;2155;MKP
2156;2156;MKP
2157;2157;MKP
2158;2158;MKP
2159;2159;MKP
2160;2160;MKP
2161;2161;MKP
2162;2162;MKP
2163;2163;MKP
2164;2164;MKP
2165;2165;MKP
2166;2166;MKP
2167;2167;MKP
2168;2168;MKP
2169;2169;MKP
2170;2170;MKP
2171;2171;RML
2172;2172;MKP
2173;2173;MKP
2174;2174;MKP
2175;2175;MKP
2176;2176;MKP
2177;2177;MKP
2178;2178;MKP
2179;2179;MKP
2180;2180;MKP
2181;2181;MKP
2182;2182;MKP
2183;2183;MKP
2184;2184;MKP
2185;2185;RML
2186;2186;MKP
2187;2187;MKP
2188;2188;MKP
2189;2189;MKP
2190;2190;MKP
2191;2191;MKP
2192;2192;MKP
2193;2193;MKP
2194;2194;MKP
2195;2195;MKP
2196;2196;MKP
2197;2197;MKP
2198;2198;MKP
2199;2199;MKP
2200;2200;MKP
2201;2201;MKP
2202;2202;MKP
2203;2203;MKP
2204;2204;MKP
2205;2205;MKP
2206;2206;MKP
2207;2207;MKP
2208;2208;MKP
2209;2209;MKP
2210;2210;MKP
2211;2211;MKP
2212;2212;MKP
2213;2213;MKP
2214;2214;MKP
2215;2215;MKP
2216;2216;MKP
2217;2217;MKP
2218;2218;RML
2219;2219;MKP
2220;2220;MKP
2221;2221;MKP
2222;2222;MKP
2223;2223;MKP
2224;2224;MKP
2225;2225;MKP
2226;2226;MKP
2227;2227;MKP
2228;2228;MKP
2229;2229;MKP
2230;2230;MKP
2231;2231;MKP
2232;2232;MKP
2233;2233;MKP
2234;2234;MKP
2235;2235;MKP
2236;2236;MKP
2237;2237;MKP
2238;2238;MKP
2239;2239;MKP
2240;2240;MKP
2241;2241;MKP
2242;2242;MKP
2243;2243;MKP
2244;2244;MKP
2245;2245;MKP
2246;2246;MKP
2247;2247;MKP
2248;2248;MKP
2249;2249;MKP
2250;2250;MKP
2251;2251;MKP
2252;2252;MKP
2253;2253;MKP
2254;2254;MKP
2255;2255;MKP
2256;2256;MKP
2257;2257;MKP
2258;2258;MKP
2259;2259;MKP
2260;2260;MKP
2261;2261;MKP
2262;2262;MKP
2263;2263;MKP
2264;2264;MKP
2265;2265;MKP
2266;2266;MKP
2267;2267;MKP
2268;2268;MKP
2269;2269;MKP
2270;2270;MKP
2271;2271;MKP
2272;2272;MKP
2273;2273;MKP
2274;2274;MKP
2275;2275;MKP
2276;2276;MKP
2277;2277;MKP
2278;2278;MKP
2279;2279;MKP
2280;2280;MKP
2281;2281;MKP
2282;2282;MKP
2283;2283;MKP
2284;2284;MKP
2285;2285;MKP
2286;2286;MKP
2287;2287;MKP
2288;2288;MKP
2289;2289;MKP
2290;2290;MKP
2291;2291;MKP
2292;2292;MKP
2293;2293;MKP
2294;2294;MKP
2295;2295;MKP
2296;2296;MKP
2297;2297;MKP
2298;2298;MKP
2299;2299;MKP
2300;2300;MKP
2301;2301;MKP
2302;2302;MKP
2303;2303;MKP
2304;2304;MKP
2305;2305;MKP
2306;2306;MKP
2307;2307;MKP
2308;2308;MKP
2309;2309;MKP
2310;2310;MKP
2311;2311;MKP
2312;2312;MKP
2313;2313;MKP
2314;2314;MKP
2315;2315;MKP
2316;2316;MKP
2317;2317;MKP
2318;2318;MKP
2319;2319;MKP
2320;2320;MKP
2321;2321;MKP
2322;2322;MKP
2323;2323;MKP
2324;2324;MKP
2325;2325;MKP
2326;2326;MKP
2327;2327;MKP
2328;2328;MKP
2329;2329;MKP
2330;2330;MKP
2331;2331;MKP
2332;2332;MKP
2333;2333;MKP
2334;2334;MKP
2335;2335;MKP
2336;2336;MKP
2337;2337;MKP
2338;2338;MKP
2339;2339;MKP
2340;2340;MKP
2341;2341;MKP
2342;2342;MKP
2343;2343;MKP
2344;2344;MKP
2345;2345;MKP
2346;2346;MKP
2347;2347;MKP
2348;2348;MKP
2349;2349;MKP
2350;2350;MKP
2351;2351;MKP
2352;2352;MKP
2353;2353;MKP
2354;2354;MKP
2355;2355;MKP
2356;2356;RML
2357;2357;MKP
2358;2358;MKP
2359;2359;MKP
2360;2360;MKP
2361;2361;MKP
2362;2362;RML
2363;2363;RML
2364;2364;RML
2365;2365;RML
2366;2366;RML
2367;2367;RML
2368;2368;RML
2369;2369;RML
2370;2370;MKP
2371;2371;MKP
2372;2372;MKP
2373;2373;MKP
2374;2374;MKP
2375;2375;MKP
2376;2376;RML
2377;2377;RML
2378;2378;RML
2379;2379;RML
2380;2380;RML
2381;2381;RML
2382;2382;RML
2383;2383;RML
2384;2384;RML
2385;2385;MKP
2386;2386;MKP
2387;2387;MKP
2388;2388;RML
2389;2389;RML
2390;2390;MKP
2391;2391;MKP
2392;2392;MKP
2393;2393;RML
2394;2394;RML
2395;2395;RML
2396;2396;RML
2397;2397;MKP
2398;2398;MKP
2399;2399;MKP
2400;2400;MKP
2401;2401;RML
2402;2402;MKP
2403;2403;RML
2404;2404;RML
2405;2405;RML
2406;2406;MKP
2407;2407;MKP
2408;2408;MKP
2409;2409;MKP
2410;2410;MKP
2411;2411;RML
2412;2412;MKP
2413;2413;MKP
2414;2414;MKP
2415;2415;MKP
2416;2416;MKP
2417;2417;RML
2418;2418;MKP
2419;2419;MKP
2420;2420;MKP
2421;2421;MKP
2422;2422;MKP
2423;2423;RML
2424;2424;MKP
2425;2425;MKP
2426;2426;MKP
2427;2427;MKP
2428;2428;MKP
2429;2429;MKP
2430;2430;MKP
2431;2431;MKP
2432;2432;MKP
2433;2433;MKP
2434;2434;MKP
2435;2435;MKP
2436;2436;MKP
2437;2437;MKP
2438;2438;MKP
2439;2439;MKP
2440;2440;MKP
2441;2441;MKP
2442;2442;MKP
2443;2443;RML
2444;2444;RML
2445;2445;RML
2446;2446;MKP
2447;2447;MKP
2448;2448;MKP
2449;2449;MKP
2450;2450;MKP
2451;2451;MKP
2452;2452;MKP
2453;2453;MKP
2454;2454;MKP
2455;2455;MKP
2456;2456;MKP
2457;2457;RML
2458;2458;RML
2459;2459;MKP
2460;2460;MKP
2461;2461;MKP
2462;2462;MKP
2463;2463;MKP
2464;2464;MKP
2465;2465;MKP
2466;2466;MKP
2467;2467;RML
2468;2468;MKP
2469;2469;MKP
2470;2470;MKP
2471;2471;MKP
2472;2472;MKP
2473;2473;MKP
2474;2474;MKP
2475;2475;MKP
2476;2476;MKP
2477;2477;MKP
2478;2478;MKP
2479;2479;MKP
2480;2480;MKP
2481;2481;MKP
2482;2482;MKP
2483;2483;MKP
2484;2484;MKP
2485;2485;MKP
2486;2486;MKP
2487;2487;MKP
2488;2488;MKP
2489;2489;MKP
2490;2490;RML
2491;2491;RML
2492;2492;RML
2493;2493;RML
2494;2494;RML
2495;2495;RML
2496;2496;RML
2497;2497;MKP
2498;2498;MKP
2499;2499;MKP
2500;2500;MKP
2501;2501;MKP
2502;2502;RML
2503;2503;MKP
2504;2504;MKP
2505;2505;RML
2506;2506;MKP
2507;2507;MKP
2508;2508;MKP
2509;2509;MKP
2510;2510;MKP
2511;2511;MKP
2512;2512;MKP
2513;2513;MKP
2514;2514;MKP
2515;2515;RML
2516;2516;MKP
2517;2517;MKP
2518;2518;MKP
2519;2519;MKP
2520;2520;MKP
2521;2521;MKP
2522;2522;MKP
2523;2523;RML
2524;2524;MKP
2525;2525;MKP
2526;2526;MKP
2527;2527;MKP
2528;2528;MKP
2529;2529;MKP
2530;2530;MKP
2531;2531;MKP
2532;2532;MKP
2533;2533;MKP
2534;2534;MKP
2535;2535;MKP
2536;2536;MKP
2537;2537;MKP
2538;2538;MKP
2539;2539;MKP
2540;2540;MKP
2541;2541;MKP
2542;2542;MKP
2543;2543;MKP
2544;2544;MKP
2545;2545;MKP
2546;2546;MKP
2547;2547;MKP
2548;2548;MKP
2549;2549;MKP
2550;2550;MKP
2551;2551;MKP
2552;2552;MKP
2553;2553;MKP
2554;2554;MKP
2555;2555;MKP
2556;2556;MKP
2557;2557;MKP
2558;2558;MKP
2559;2559;MKP
2560;2560;MKP
2561;2561;MKP
2562;2562;MKP
2563;2563;MKP
2564;2564;MKP
2565;2565;MKP
2566;2566;MKP
2567;2567;MKP
2568;2568;MKP
2569;2569;MKP
2570;2570;MKP
2571;2571;MKP
2572;2572;MKP
2573;2573;MKP
2574;2574;MKP
2575;2575;MKP
2576;2576;MKP
2577;2577;MKP
2578;2578;MKP
2579;2579;MKP
2580;2580;MKP
2581;2581;MKP
2582;2582;MKP
2583;2583;MKP
2584;2584;MKP
2585;2585;MKP
2586;2586;MKP
2587;2587;MKP
2588;2588;MKP
2589;2589;MKP
2590;2590;MKP
2591;2591;MKP
2592;2592;MKP
2593;2593;MKP
2594;2594;MKP
2595;2595;MKP
2596;2596;MKP
2597;2597;MKP
2598;2598;MKP
2599;2599;MKP
2600;2600;RML
2601;2601;RML
2602;2602;RML
2603;2603;MKP
2604;2604;RML
2605;2605;RML
2606;2606;MKP
2607;2607;RML
2608;2608;MKP
2609;2609;RML
2610;2610;RML
2611;2611;RML
2612;2612;RML
2613;2613;RML
2614;2614;MKP
2615;2615;MKP
2616;2616;MKP
2617;2617;RML
2618;2618;RML
2619;2619;RML
2620;2620;RML
2621;2621;MKP
2622;2622;MKP
2623;2623;RML
2624;2624;RML
2625;2625;MKP
2626;2626;RML
2627;2627;MKP
2628;2628;RML
2629;2629;RML
2630;2630;RML
2631;2631;RML
2632;2632;MKP
2633;2633;MKP
2634;2634;MKP
2635;2635;RML
2636;2636;RML
2637;2637;RML
2638;2638;RML
2639;2639;MKP
2640;2640;RML
2641;2641;RML
2642;2642;RML
2643;2643;RML
2644;2644;RML
2645;2645;MKP
2646;2646;MKP
2647;2647;MKP
2648;2648;MKP
2649;2649;MKP
2650;2650;MKP
2651;2651;MKP
2652;2652;RML
2653;2653;RML
2654;2654;RML
2655;2655;MKP
2656;2656;MKP
2657;2657;MKP
2658;2658;RML
2659;2659;RML
2660;2660;RML
2661;2661;RML
2662;2662;MKP
2663;2663;MKP
2664;2664;MKP
2665;2665;MKP
2666;2666;MKP
2667;2667;MKP
2668;2668;MKP
2669;2669;MKP
2670;2670;MKP
2671;2671;MKP
2672;2672;MKP
2673;2673;RML
2674;2674;MKP
2675;2675;MKP
2676;2676;MKP
2677;2677;RML
2678;2678;MKP
2679;2679;MKP
2680;2680;MKP
2681;2681;MKP
2682;2682;MKP
2683;2683;MKP
2684;2684;MKP
2685;2685;RML
2686;2686;RML
2687;2687;MKP
2688;2688;MKP
2689;2689;MKP
2690;2690;MKP
2691;2691;MKP
2692;2692;RML
2693;2693;RML
2694;2694;MKP
2695;2695;MKP
2696;2696;MKP
2697;2697;MKP
2698;2698;MKP
2699;2699;MKP
2700;2700;MKP
2701;2701;MKP
2702;2702;MKP
2703;2703;RML
2704;2704;MKP
2705;2705;MKP
2706;2706;MKP
2707;2707;MKP
2708;2708;MKP
2709;2709;MKP
2710;2710;RML
2711;2711;MKP
2712;2712;MKP
2713;2713;MKP
2714;2714;MKP
2715;2715;MKP
2716;2716;RML
2717;2717;MKP
2718;2718;MKP
2719;2719;MKP
2720;2720;MKP
2721;2721;RML
2722;2722;MKP
2723;2723;MKP
2724;2724;MKP
2725;2725;MKP
2726;2726;MKP
2727;2727;RML
2728;2728;MKP
2729;2729;MKP
2730;2730;MKP
2731;2731;MKP
2732;2732;MKP
2733;2733;MKP
2734;2734;MKP
2735;2735;MKP
2736;2736;MKP
2737;2737;MKP
2738;2738;MKP
2739;2739;MKP
2740;2740;MKP
2741;2741;MKP
2742;2742;MKP
2743;2743;MKP
2744;2744;RML
2745;2745;RML
2746;2746;MKP
2747;2747;MKP
2748;2748;MKP
2749;2749;MKP
2750;2750;MKP
2751;2751;MKP
2752;2752;MKP
2753;2753;MKP
2754;2754;MKP
2755;2755;MKP
2756;2756;MKP
2757;2757;MKP
2758;2758;MKP
2759;2759;MKP
2760;2760;MKP
2761;2761;MKP
2762;2762;MKP
2763;2763;MKP
2764;2764;MKP
2765;2765;MKP
2766;2766;MKP
2767;2767;MKP
2768;2768;MKP
2769;2769;MKP
2770;2770;MKP
2771;2771;MKP
2772;2772;MKP
2773;2773;MKP
2774;2774;MKP
2775;2775;MKP
2776;2776;MKP
2777;2777;MKP
2778;2778;MKP
2779;2779;MKP
2780;2780;MKP
2781;2781;MKP
2782;2782;MKP
2783;2783;MKP
2784;2784;MKP
2785;2785;MKP
2786;2786;MKP
2787;2787;MKP
2788;2788;MKP
2789;2789;MKP
2790;2790;RML
2791;2791;MKP
2792;2792;MKP
2793;2793;MKP
2794;2794;MKP
2795;2795;MKP
2796;2796;MKP
2797;2797;MKP
2798;2798;MKP
2799;2799;RML
2800;2800;RML
2801;2801;MKP
2802;2802;MKP
2803;2803;MKP
2804;2804;MKP
2805;2805;RML
2806;2806;MKP
2807;2807;MKP
2808;2808;MKP
2809;2809;MKP
2810;2810;MKP
2811;2811;MKP
2812;2812;MKP
2813;2813;MKP
2814;2814;MKP
2815;2815;RML
2816;2816;MKP
2817;2817;MKP
2818;2818;MKP
2819;2819;RML
2820;2820;MKP
2821;2821;MKP
2822;2822;MKP
2823;2823;MKP
2824;2824;MKP
2825;2825;MKP
2826;2826;MKP
2827;2827;MKP
2828;2828;MKP
2829;2829;RML
2830;2830;MKP
2831;2831;RML
2832;2832;RML
2833;2833;MKP
2834;2834;MKP
2835;2835;MKP
2836;2836;MKP
2837;2837;RML
2838;2838;RML
2839;2839;RML
2840;2840;RML
2841;2841;MKP
2842;2842;MKP
2843;2843;MKP
2844;2844;MKP
2845;2845;MKP
2846;2846;MKP
2847;2847;MKP
2848;2848;RML
2849;2849;MKP
2850;2850;MKP
2851;2851;MKP
2852;2852;MKP
2853;2853;MKP
2854;2854;MKP
2855;2855;RML
2856;2856;RML
2857;2857;MKP
2858;2858;MKP
2859;2859;MKP
2860;2860;MKP
2861;2861;MKP
2862;2862;MKP
2863;2863;RML
2864;2864;MKP
2865;2865;MKP
2866;2866;MKP
2867;2867;MKP
2868;2868;MKP
2869;2869;MKP
2870;2870;MKP
2871;2871;MKP
2872;2872;MKP
2873;2873;MKP
2874;2874;MKP
2875;2875;MKP
2876;2876;MKP
2877;2877;MKP
2878;2878;RML
2879;2879;MKP
2880;2880;MKP
2881;2881;RML
2882;2882;MKP
2883;2883;MKP
2884;2884;MKP
2885;2885;RML
2886;2886;RML
2887;2887;RML
2888;2888;RML
2889;2889;MKP
2890;2890;MKP
2891;2891;MKP
2892;2892;MKP
2893;2893;RML
2894;2894;MKP
2895;2895;MKP
2896;2896;RML
2897;2897;RML
2898;2898;MKP
2899;2899;MKP
2900;2900;MKP
2901;2901;MKP
2902;2902;MKP
2903;2903;RML
2904;2904;MKP
2905;2905;MKP
2906;2906;MKP
2907;2907;MKP
2908;2908;MKP
2909;2909;MKP
2910;2910;MKP
2911;2911;MKP
2912;2912;MKP
2913;2913;MKP
2914;2914;RML
2915;2915;RML
2916;2916;MKP
2917;2917;MKP
2918;2918;MKP
2919;2919;MKP
2920;2920;MKP
2921;2921;MKP
2922;2922;MKP
2923;2923;MKP
2924;2924;RML
2925;2925;MKP
2926;2926;MKP
2927;2927;RML
2928;2928;MKP
2929;2929;RML
2930;2930;MKP
2931;2931;MKP
2932;2932;MKP
2933;2933;MKP
2934;2934;RML
2935;2935;MKP
2936;2936;MKP
2937;2937;MKP
2938;2938;MKP
2939;2939;MKP
2940;2940;MKP
2941;2941;MKP
2942;2942;MKP
2943;2943;MKP
2944;2944;MKP
2945;2945;MKP
2946;2946;MKP
2947;2947;MKP
2948;2948;MKP
2949;2949;MKP
2950;2950;MKP
2951;2951;MKP
2952;2952;MKP
2953;2953;MKP
2954;2954;MKP
2955;2955;MKP
2956;2956;MKP
2957;2957;MKP
2958;2958;MKP
2959;2959;MKP
2960;2960;MKP
2961;2961;MKP
2962;2962;MKP
2963;2963;MKP
2964;2964;MKP
2965;2965;MKP
2966;2966;MKP
2967;2967;MKP
2968;2968;MKP
2969;2969;MKP
2970;2970;MKP
2971;2971;MKP
2972;2972;MKP
2973;2973;MKP
2974;2974;MKP
2975;2975;MKP
2976;2976;MKP
2977;2977;MKP
2978;2978;MKP
2979;2979;MKP
2980;2980;MKP
2981;2981;MKP
2982;2982;MKP
2983;2983;MKP
2984;2984;MKP
2985;2985;MKP
2986;2986;MKP
2987;2987;MKP
2988;2988;MKP
2989;2989;MKP
2990;2990;MKP
2991;2991;MKP
2992;2992;MKP
2993;2993;MKP
2994;2994;MKP
2995;2995;MKP
2996;2996;MKP
2997;2997;MKP
2998;2998;MKP
2999;2999;MKP
3000;3000;MKP
3001;3001;MKP
3002;3002;MKP
3003;3003;MKP
3004;3004;MKP
3005;3005;MKP
3006;3006;MKP
3007;3007;MKP
3008;3008;MKP
3009;3009;MKP
3010;3010;MKP
3011;3011;MKP
3012;3012;MKP
3013;3013;MKP
3014;3014;MKP
3015;3015;MKP
3016;3016;MKP
3017;3017;MKP
3018;3018;MKP
3019;3019;MKP
3020;3020;MKP
3021;3021;MKP
3022;3022;MKP
3023;3023;MKP
3024;3024;MKP
3025;3025;MKP
3026;3026;MKP
3027;3027;MKP
3028;3028;MKP
3029;3029;MKP
3030;3030;MKP
3031;3031;MKP
3032;3032;RML
3033;3033;RML
3034;3034;MKP
3035;3035;MKP
3036;3036;MKP
3037;3037;MKP
3038;3038;MKP
3039;3039;MKP
3040;3040;MKP
3041;3041;MKP
3042;3042;MKP
3043;3043;MKP
3044;3044;MKP
3045;3045;MKP
3046;3046;MKP
3047;3047;MKP
3048;3048;MKP
3049;3049;MKP
3050;3050;MKP
3051;3051;MKP
3052;3052;MKP
3053;3053;MKP
3054;3054;MKP
3055;3055;MKP
3056;3056;MKP
3057;3057;MKP
3058;3058;MKP
3059;3059;MKP
3060;3060;MKP
3061;3061;MKP
3062;3062;MKP
3063;3063;MKP
3064;3064;MKP
3065;3065;MKP
3066;3066;MKP
3067;3067;MKP
3068;3068;MKP
3069;3069;MKP
3070;3070;MKP
3071;3071;MKP
3072;3072;MKP
3073;3073;MKP
3074;3074;MKP
3075;3075;MKP
3076;3076;MKP
3077;3077;MKP
3078;3078;MKP
3079;3079;MKP
3080;3080;MKP
3081;3081;MKP
3082;3082;MKP
3083;3083;RML
3084;3084;MKP
3085;3085;MKP
3086;3086;MKP
3087;3087;MKP
3088;3088;MKP
3089;3089;MKP
3090;3090;MKP
3091;3091;RML
3092;3092;MKP
3093;3093;RML
3094;3094;RML
3095;3095;MKP
3096;3096;MKP
3097;3097;RML
3098;3098;RML
3099;3099;RML
3100;3100;RML
3101;3101;RML
3102;3102;MKP
3103;3103;MKP
3104;3104;RML
3105;3105;RML
3106;3106;RML
3107;3107;MKP
3108;3108;MKP
3109;3109;RML
3110;3110;MKP
3111;3111;MKP
3112;3112;MKP
3113;3113;RML
3114;3114;RML
3115;3115;MKP
3116;3116;RML
3117;3117;RML
3118;3118;MKP
3119;3119;MKP
3120;3120;MKP
3121;3121;MKP
3122;3122;MKP
3123;3123;RML
3124;3124;RML
3125;3125;RML
3126;3126;RML
3127;3127;RML
3128;3128;MKP
3129;3129;MKP
3130;3130;RML
3131;3131;RML
3132;3132;MKP
3133;3133;RML
3134;3134;RML
3135;3135;MKP
3136;3136;MKP
3137;3137;RML
3138;3138;RML
3139;3139;RML
3140;3140;RML
3141;3141;RML
3142;3142;MKP
3143;3143;RML
3144;3144;MKP
3145;3145;MKP
3146;3146;RML
3147;3147;MKP
3148;3148;RML
3149;3149;RML
3150;3150;RML
3151;3151;RML
3152;3152;RML
3153;3153;RML
3154;3154;MKP
3155;3155;MKP
3156;3156;MKP
3157;3157;RML
3158;3158;MKP
3159;3159;MKP
3160;3160;RML
3161;3161;RML
3162;3162;MKP
3163;3163;RML
3164;3164;RML
3165;3165;MKP
3166;3166;MKP
3167;3167;MKP
3168;3168;MKP
3169;3169;RML
3170;3170;RML
3171;3171;RML
3172;3172;MKP
3173;3173;MKP
3174;3174;MKP
3175;3175;RML
3176;3176;RML
3177;3177;RML
3178;3178;MKP
3179;3179;MKP
3180;3180;RML
3181;3181;MKP
3182;3182;RML
3183;3183;RML
3184;3184;RML
3185;3185;RML
3186;3186;RML
3187;3187;MKP
3188;3188;MKP
3189;3189;MKP
3190;3190;RML
3191;3191;RML
3192;3192;MKP
3193;3193;RML
3194;3194;RML
3195;3195;MKP
3196;3196;MKP
3197;3197;RML
3198;3198;MKP
3199;3199;MKP
3200;3200;MKP
3201;3201;RML
3202;3202;RML
3203;3203;MKP
3204;3204;MKP
3205;3205;MKP
3206;3206;RML
3207;3207;MKP
3208;3208;RML
3209;3209;RML
3210;3210;MKP
3211;3211;MKP
3212;3212;RML
3213;3213;RML
3214;3214;MKP
3215;3215;MKP
3216;3216;RML
3217;3217;RML
3218;3218;MKP
3219;3219;RML
3220;3220;RML
3221;3221;RML
3222;3222;MKP
3223;3223;MKP
3224;3224;MKP
3225;3225;MKP
3226;3226;MKP
3227;3227;MKP
3228;3228;MKP
3229;3229;RML
3230;3230;RML
3231;3231;RML
3232;3232;MKP
3233;3233;MKP
3234;3234;MKP
3235;3235;MKP
3236;3236;MKP
3237;3237;MKP
3238;3238;MKP
3239;3239;MKP
3240;3240;MKP
3241;3241;MKP
3242;3242;RML
3243;3243;MKP
3244;3244;MKP
3245;3245;MKP
3246;3246;MKP
3247;3247;MKP
3248;3248;RML
3249;3249;MKP
3250;3250;MKP
3251;3251;MKP
3252;3252;RML
3253;3253;RML
3254;3254;RML
3255;3255;MKP
3256;3256;MKP
3257;3257;MKP
3258;3258;MKP
3259;3259;RML
3260;3260;RML
3261;3261;RML
3262;3262;RML
3263;3263;RML
3264;3264;RML
3265;3265;RML
3266;3266;RML
3267;3267;RML
3268;3268;MKP
3269;3269;RML
3270;3270;RML
3271;3271;RML
3272;3272;RML
3273;3273;RML
3274;3274;RML
3275;3275;RML
3276;3276;RML
3277;3277;RML
3278;3278;RML
3279;3279;RML
3280;3280;RML
3281;3281;RML
3282;3282;MKP
3283;3283;MKP
3284;3284;RML
3285;3285;RML
3286;3286;RML
3287;3287;RML
3288;3288;MKP
3289;3289;RML
3290;3290;RML
3291;3291;RML
3292;3292;RML
3293;3293;RML
3294;3294;RML
3295;3295;RML
3296;3296;RML
3297;3297;RML
3298;3298;RML
3299;3299;RML
3300;3300;RML
3301;3301;RML
3302;3302;RML
3303;3303;MKP
3304;3304;RML
3305;3305;RML
3306;3306;MKP
3307;3307;RML
3308;3308;RML
3309;3309;RML
3310;3310;RML
3311;3311;RML
3312;3312;RML
3313;3313;RML
3314;3314;RML
3315;3315;MKP
3316;3316;MKP
3317;3317;MKP
3318;3318;MKP
3319;3319;RML
3320;3320;RML
3321;3321;RML
3322;3322;RML
3323;3323;RML
3324;3324;RML
3325;3325;RML
3326;3326;RML
3327;3327;MKP
3328;3328;RML
3329;3329;RML
3330;3330;RML
3331;3331;RML
3332;3332;RML
3333;3333;RML
3334;3334;RML
3335;3335;RML
3336;3336;RML
3337;3337;RML
3338;3338;RML
3339;3339;RML
3340;3340;RML
3341;3341;RML
3342;3342;RML
3343;3343;RML
3344;3344;RML
3345;3345;RML
3346;3346;RML
3347;3347;RML
3348;3348;RML
3349;3349;RML
3350;3350;RML
3351;3351;RML
3352;3352;RML
3353;3353;MKP
3354;3354;MKP
3355;3355;RML
3356;3356;RML
3357;3357;RML
3358;3358;RML
3359;3359;RML
3360;3360;RML
3361;3361;RML
3362;3362;RML
3363;3363;RML
3364;3364;RML
3365;3365;RML
3366;3366;RML
3367;3367;MKP
3368;3368;MKP
3369;3369;MKP
3370;3370;MKP
3371;3371;MKP
3372;3372;MKP
3373;3373;RML
3374;3374;RML
3375;3375;MKP
3376;3376;MKP
3377;3377;MKP
3378;3378;MKP
3379;3379;RML
3380;3380;RML
3381;3381;MKP
3382;3382;MKP
3383;3383;MKP
3384;3384;MKP
3385;3385;MKP
3386;3386;MKP
3387;3387;MKP
3388;3388;MKP
3389;3389;MKP
3390;3390;MKP
3391;3391;MKP
3392;3392;MKP
3393;3393;MKP
3394;3394;RML
3395;3395;RML
3396;3396;MKP
3397;3397;RML
3398;3398;MKP
3399;3399;MKP
3400;3400;MKP
3401;3401;RML
3402;3402;RML
3403;3403;MKP
3404;3404;MKP
3405;3405;MKP
3406;3406;MKP
3407;3407;RML
3408;3408;RML
3409;3409;MKP
3410;3410;MKP
3411;3411;MKP
3412;3412;MKP
3413;3413;RML
3414;3414;MKP
3415;3415;MKP
3416;3416;MKP
3417;3417;MKP
3418;3418;MKP
3419;3419;MKP
3420;3420;RML
3421;3421;MKP
3422;3422;MKP
3423;3423;MKP
3424;3424;RML
3425;3425;MKP
3426;3426;MKP
3427;3427;MKP
3428;3428;MKP
3429;3429;MKP
3430;3430;RML
3431;3431;RML
3432;3432;MKP
3433;3433;RML
3434;3434;RML
3435;3435;RML
3436;3436;RML
3437;3437;MKP
3438;3438;MKP
3439;3439;MKP
3440;3440;RML
3441;3441;RML
3442;3442;MKP
3443;3443;RML
3444;3444;RML
3445;3445;MKP
3446;3446;RML
3447;3447;RML
3448;3448;RML
3449;3449;MKP
3450;3450;MKP
3451;3451;MKP
3452;3452;MKP
3453;3453;MKP
3454;3454;MKP
3455;3455;MKP
3456;3456;MKP
3457;3457;RML
3458;3458;RML
3459;3459;RML
3460;3460;RML
3461;3461;MKP
3462;3462;MKP
3463;3463;MKP
3464;3464;RML
3465;3465;RML
3466;3466;RML
3467;3467;RML
3468;3468;MKP
3469;3469;MKP
3470;3470;MKP
3471;3471;MKP
3472;3472;MKP
3473;3473;MKP
3474;3474;RML
3475;3475;RML
3476;3476;MKP
3477;3477;MKP
3478;3478;MKP
3479;3479;MKP
3480;3480;RML
3481;3481;RML
3482;3482;MKP
3483;3483;MKP
3484;3484;MKP
3485;3485;MKP
3486;3486;MKP
3487;3487;RML
3488;3488;MKP
3489;3489;RML
3490;3490;RML
3491;3491;MKP
3492;3492;RML
3493;3493;MKP
3494;3494;MKP
3495;3495;RML
3496;3496;RML
3497;3497;MKP
3498;3498;MKP
3499;3499;RML
3500;3500;RML
3501;3501;RML
3502;3502;MKP
3503;3503;MKP
3504;3504;RML
3505;3505;MKP
3506;3506;MKP
3507;3507;RML
3508;3508;RML
3509;3509;RML
3510;3510;MKP
3511;3511;MKP
3512;3512;RML
3513;3513;MKP
3514;3514;RML
3515;3515;MKP
3516;3516;RML
3517;3517;RML
3518;3518;RML
3519;3519;RML
3520;3520;RML
3521;3521;RML
3522;3522;MKP
3523;3523;RML
3524;3524;MKP
3525;3525;RML
3526;3526;RML
3527;3527;MKP
3528;3528;MKP
3529;3529;RML
3530;3530;MKP
3531;3531;RML
3532;3532;RML
3533;3533;RML
3534;3534;MKP
3535;3535;MKP
3536;3536;RML
3537;3537;RML
3538;3538;RML
3539;3539;RML
3540;3540;MKP
3541;3541;RML
3542;3542;MKP
3543;3543;MKP
3544;3544;MKP
3545;3545;MKP
3546;3546;RML
3547;3547;MKP
3548;3548;MKP
3549;3549;RML
3550;3550;MKP
3551;3551;MKP
3552;3552;MKP
3553;3553;RML
3554;3554;RML
3555;3555;RML
3556;3556;MKP
3557;3557;MKP
3558;3558;MKP
3559;3559;RML
3560;3560;MKP
3561;3561;MKP
3562;3562;MKP
3563;3563;MKP
3564;3564;MKP
3565;3565;MKP
3566;3566;MKP
3567;3567;MKP
3568;3568;MKP
3569;3569;MKP
3570;3570;MKP
3571;3571;RML
3572;3572;RML
3573;3573;MKP
3574;3574;MKP
3575;3575;MKP
3576;3576;MKP
3577;3577;RML
3578;3578;MKP
3579;3579;MKP
3580;3580;MKP
3581;3581;MKP
3582;3582;MKP
3583;3583;MKP
3584;3584;MKP
3585;3585;MKP
3586;3586;MKP
3587;3587;RML
3588;3588;MKP
3589;3589;RML
3590;3590;MKP
3591;3591;MKP
3592;3592;MKP
3593;3593;MKP
3594;3594;MKP
3595;3595;RML
3596;3596;MKP
3597;3597;RML
3598;3598;MKP
3599;3599;MKP
3600;3600;MKP
3601;3601;MKP
3602;3602;MKP
3603;3603;MKP
3604;3604;MKP
3605;3605;MKP
3606;3606;MKP
3607;3607;MKP
3608;3608;MKP
3609;3609;MKP
3610;3610;MKP
3611;3611;MKP
3612;3612;MKP
3613;3613;MKP
3614;3614;RML
3615;3615;MKP
3616;3616;MKP
3617;3617;MKP
3618;3618;MKP
3619;3619;MKP
3620;3620;RML
3621;3621;RML
3622;3622;MKP
3623;3623;MKP
3624;3624;MKP
3625;3625;MKP
3626;3626;MKP
3627;3627;RML
3628;3628;RML
3629;3629;MKP
3630;3630;MKP
3631;3631;MKP
3632;3632;MKP
3633;3633;MKP
3634;3634;MKP
3635;3635;MKP
3636;3636;MKP
3637;3637;MKP
3638;3638;MKP
3639;3639;MKP
3640;3640;MKP
3641;3641;MKP
3642;3642;MKP
3643;3643;MKP
3644;3644;RML
3645;3645;MKP
3646;3646;MKP
3647;3647;MKP
3648;3648;MKP
3649;3649;MKP
3650;3650;MKP
3651;3651;MKP
3652;3652;MKP
3653;3653;MKP
3654;3654;MKP
3655;3655;MKP
3656;3656;MKP
3657;3657;MKP
3658;3658;MKP
3659;3659;RML
3660;3660;MKP
3661;3661;MKP
3662;3662;MKP
3663;3663;RML
3664;3664;RML
3665;3665;MKP
3666;3666;RML
3667;3667;MKP
3668;3668;MKP
3669;3669;MKP
3670;3670;MKP
3671;3671;RML
3672;3672;MKP
3673;3673;MKP
3674;3674;MKP
3675;3675;RML
3676;3676;MKP
3677;3677;RML
3678;3678;MKP
3679;3679;MKP
3680;3680;MKP
3681;3681;RML
3682;3682;MKP
3683;3683;MKP
3684;3684;MKP
3685;3685;MKP
3686;3686;MKP
3687;3687;MKP
3688;3688;MKP
3689;3689;MKP
3690;3690;MKP
3691;3691;MKP
3692;3692;MKP
3693;3693;RML
3694;3694;RML
3695;3695;MKP
3696;3696;RML
3697;3697;MKP
3698;3698;MKP
3699;3699;RML
3700;3700;MKP
3701;3701;RML
3702;3702;RML
3703;3703;MKP
3704;3704;MKP
3705;3705;RML
3706;3706;RML
3707;3707;MKP
3708;3708;MKP
3709;3709;RML
3710;3710;RML
3711;3711;MKP
3712;3712;MKP
3713;3713;MKP
3714;3714;MKP
3715;3715;MKP
3716;3716;MKP
3717;3717;MKP
3718;3718;MKP
3719;3719;RML
3720;3720;MKP
3721;3721;MKP
3722;3722;MKP
3723;3723;MKP
3724;3724;MKP
3725;3725;MKP
3726;3726;MKP
3727;3727;MKP
3728;3728;MKP
3729;3729;RML
3730;3730;MKP
3731;3731;MKP
3732;3732;MKP
3733;3733;RML
3734;3734;MKP
3735;3735;MKP
3736;3736;RML
3737;3737;MKP
3738;3738;MKP
3739;3739;MKP
3740;3740;MKP
3741;3741;MKP
3742;3742;MKP
3743;3743;RML
3744;3744;RML
3745;3745;MKP
3746;3746;MKP
3747;3747;MKP
3748;3748;MKP
3749;3749;MKP
3750;3750;MKP
3751;3751;RML
3752;3752;MKP
3753;3753;MKP
3754;3754;RML
3755;3755;MKP
3756;3756;MKP
3757;3757;MKP
3758;3758;RML
3759;3759;RML
3760;3760;MKP
3761;3761;MKP
3762;3762;MKP
3763;3763;RML
3764;3764;MKP
3765;3765;MKP
3766;3766;MKP
3767;3767;MKP
3768;3768;MKP
3769;3769;MKP
3770;3770;RML
3771;3771;MKP
3772;3772;MKP
3773;3773;MKP
3774;3774;MKP
3775;3775;RML
3776;3776;MKP
3777;3777;MKP
3778;3778;MKP
3779;3779;MKP
3780;3780;MKP
3781;3781;MKP
3782;3782;RML
3783;3783;RML
3784;3784;RML
3785;3785;RML
3786;3786;RML
3787;3787;RML
3788;3788;RML
3789;3789;RML
3790;3790;MKP
3791;3791;MKP
3792;3792;MKP
3793;3793;MKP
3794;3794;MKP
3795;3795;MKP
3796;3796;MKP
3797;3797;MKP
3798;3798;RML
3799;3799;MKP
3800;3800;MKP
3801;3801;MKP
3802;3802;MKP
3803;3803;MKP
3804;3804;MKP
3805;3805;MKP
3806;3806;MKP
3807;3807;RML
3808;3808;RML
3809;3809;RML
3810;3810;RML
3811;3811;MKP
3812;3812;RML
3813;3813;MKP
3814;3814;MKP
3815;3815;MKP
3816;3816;RML
3817;3817;RML
3818;3818;RML
3819;3819;RML
3820;3820;MKP
3821;3821;RML
3822;3822;RML
3823;3823;RML
3824;3824;MKP
3825;3825;MKP
3826;3826;MKP
3827;3827;MKP
3828;3828;RML
3829;3829;MKP
3830;3830;MKP
3831;3831;MKP
3832;3832;MKP
3833;3833;MKP
3834;3834;MKP
3835;3835;MKP
3836;3836;RML
3837;3837;RML
3838;3838;MKP
3839;3839;RML
3840;3840;MKP
3841;3841;MKP
3842;3842;MKP
3843;3843;MKP
3844;3844;MKP
3845;3845;MKP
3846;3846;MKP
3847;3847;MKP
3848;3848;MKP
3849;3849;MKP
3850;3850;MKP
3851;3851;MKP
3852;3852;RML
3853;3853;MKP
3854;3854;RML
3855;3855;MKP
3856;3856;RML
3857;3857;MKP
3858;3858;MKP
3859;3859;MKP
3860;3860;MKP
3861;3861;MKP
3862;3862;MKP
3863;3863;MKP
3864;3864;MKP
3865;3865;MKP
3866;3866;MKP
3867;3867;MKP
3868;3868;MKP
3869;3869;MKP
3870;3870;MKP
3871;3871;MKP
3872;3872;RML
3873;3873;MKP
3874;3874;RML
3875;3875;RML
3876;3876;MKP
3877;3877;MKP
3878;3878;MKP
3879;3879;MKP
3880;3880;MKP
3881;3881;MKP
3882;3882;MKP
3883;3883;MKP
3884;3884;MKP
3885;3885;MKP
3886;3886;MKP
3887;3887;MKP
3888;3888;MKP
3889;3889;MKP
3890;3890;MKP
3891;3891;RML
3892;3892;MKP
3893;3893;MKP
3894;3894;MKP
3895;3895;RML
3896;3896;MKP
3897;3897;MKP
3898;3898;RML
3899;3899;MKP
3900;3900;MKP
3901;3901;MKP
3902;3902;MKP
3903;3903;MKP
3904;3904;RML
3905;3905;MKP
3906;3906;MKP
3907;3907;MKP
3908;3908;MKP
3909;3909;MKP
3910;3910;MKP
3911;3911;MKP
3912;3912;MKP
3913;3913;RML
3914;3914;MKP
3915;3915;MKP
3916;3916;MKP
3917;3917;MKP
3918;3918;MKP
3919;3919;MKP
3920;3920;MKP
3921;3921;MKP
3922;3922;MKP
3923;3923;MKP
3924;3924;RML
3925;3925;MKP
3926;3926;MKP
3927;3927;RML
3928;3928;MKP
3929;3929;MKP
3930;3930;MKP
3931;3931;MKP
3932;3932;MKP
3933;3933;MKP
3934;3934;MKP
3935;3935;MKP
3936;3936;MKP
3937;3937;MKP
3938;3938;MKP
3939;3939;MKP
3940;3940;MKP
3941;3941;MKP
3942;3942;MKP
3943;3943;RML
3944;3944;MKP
3945;3945;MKP
3946;3946;MKP
3947;3947;MKP
3948;3948;MKP
3949;3949;MKP
3950;3950;MKP
3951;3951;MKP
3952;3952;MKP
3953;3953;MKP
3954;3954;RML
3955;3955;MKP
3956;3956;MKP
3957;3957;MKP
3958;3958;MKP
3959;3959;MKP
3960;3960;MKP
3961;3961;MKP
3962;3962;MKP
3963;3963;MKP
3964;3964;MKP
3965;3965;MKP
3966;3966;RML
3967;3967;MKP
3968;3968;MKP
3969;3969;MKP
3970;3970;MKP
3971;3971;MKP
3972;3972;MKP
3973;3973;MKP
3974;3974;MKP
3975;3975;MKP
3976;3976;MKP
3977;3977;MKP
3978;3978;MKP
3979;3979;MKP
3980;3980;MKP
3981;3981;MKP
3982;3982;MKP
3983;3983;MKP
3984;3984;MKP
3985;3985;MKP
3986;3986;MKP
3987;3987;MKP
3988;3988;MKP
3989;3989;MKP
3990;3990;MKP
3991;3991;MKP
3992;3992;MKP
3993;3993;MKP
3994;3994;MKP
3995;3995;MKP
3996;3996;MKP
3997;3997;MKP
3998;3998;MKP
3999;3999;MKP
4000;4000;MKP
4001;4001;MKP
4002;4002;MKP
4003;4003;MKP
4004;4004;MKP
4005;4005;RML
4006;4006;MKP
4007;4007;RML
4008;4008;RML
4009;4009;RML
4010;4010;RML
4011;4011;RML
4012;4012;RML
4013;4013;RML
4014;4014;RML
4015;4015;RML
4016;4016;RML
4017;4017;RML
4018;4018;MKP
4019;4019;RML
4020;4020;RML
4021;4021;RML
4022;4022;RML
4023;4023;MKP
4024;4024;RML
4025;4025;RML
4026;4026;RML
4027;4027;RML
4028;4028;RML
4029;4029;RML
4030;4030;RML
4031;4031;MKP
4032;4032;MKP
4033;4033;RML
4034;4034;RML
4035;4035;RML
4036;4036;RML
4037;4037;RML
4038;4038;MKP
4039;4039;MKP
4040;4040;RML
4041;4041;RML
4042;4042;MKP
4043;4043;MKP
4044;4044;RML
4045;4045;RML
4046;4046;RML
4047;4047;RML
4048;4048;RML
4049;4049;RML
4050;4050;MKP
4051;4051;MKP
4052;4052;MKP
4053;4053;MKP
4054;4054;MKP
4055;4055;MKP
4056;4056;MKP
4057;4057;MKP
4058;4058;MKP
4059;4059;RML
4060;4060;RML
4061;4061;RML
4062;4062;MKP
4063;4063;MKP
4064;4064;MKP
4065;4065;MKP
4066;4066;MKP
4067;4067;MKP
4068;4068;RML
4069;4069;MKP
4070;4070;RML
4071;4071;RML
4072;4072;MKP
4073;4073;MKP
4074;4074;MKP
4075;4075;MKP
4076;4076;MKP
4077;4077;MKP
4078;4078;MKP
4079;4079;MKP
4080;4080;MKP
4081;4081;MKP
4082;4082;MKP
4083;4083;MKP
4084;4084;MKP
4085;4085;RML
4086;4086;MKP
4087;4087;MKP
4088;4088;MKP
4089;4089;MKP
4090;4090;RML
4091;4091;MKP
4092;4092;MKP
4093;4093;MKP
4094;4094;MKP
4095;4095;MKP
4096;4096;MKP
4097;4097;MKP
4098;4098;MKP
4099;4099;MKP
4100;4100;MKP
4101;4101;MKP
4102;4102;MKP
4103;4103;MKP
4104;4104;MKP
4105;4105;RML
4106;4106;MKP
4107;4107;MKP
4108;4108;MKP
4109;4109;MKP
4110;4110;RML
4111;4111;MKP
4112;4112;RML
4113;4113;RML
4114;4114;MKP
4115;4115;MKP
4116;4116;MKP
4117;4117;MKP
4118;4118;MKP
4119;4119;MKP
4120;4120;MKP
4121;4121;RML
4122;4122;MKP
4123;4123;RML
4124;4124;RML
4125;4125;MKP
4126;4126;MKP
4127;4127;RML
4128;4128;MKP
4129;4129;RML
4130;4130;MKP
4131;4131;MKP
4132;4132;RML
4133;4133;RML
4134;4134;MKP
4135;4135;RML
4136;4136;MKP
4137;4137;RML
4138;4138;RML
4139;4139;RML
4140;4140;RML
4141;4141;MKP
4142;4142;MKP
4143;4143;MKP
4144;4144;MKP
4145;4145;MKP
4146;4146;RML
4147;4147;MKP
4148;4148;MKP
4149;4149;MKP
4150;4150;MKP
4151;4151;MKP
4152;4152;MKP
4153;4153;RML
4154;4154;RML
4155;4155;MKP
4156;4156;MKP
4157;4157;RML
4158;4158;MKP
4159;4159;RML
4160;4160;MKP
4161;4161;RML
4162;4162;MKP
4163;4163;MKP
4164;4164;MKP
4165;4165;RML
4166;4166;MKP
4167;4167;MKP
4168;4168;RML
4169;4169;RML
4170;4170;RML
4171;4171;RML
4172;4172;MKP
4173;4173;MKP
4174;4174;MKP
4175;4175;MKP
4176;4176;MKP
4177;4177;MKP
4178;4178;MKP
4179;4179;MKP
4180;4180;MKP
4181;4181;RML
4182;4182;MKP
4183;4183;MKP
4184;4184;MKP
4185;4185;MKP
4186;4186;MKP
4187;4187;MKP
4188;4188;MKP
4189;4189;MKP
4190;4190;MKP
4191;4191;MKP
4192;4192;MKP
4193;4193;MKP
4194;4194;RML
4195;4195;MKP
4196;4196;MKP
4197;4197;MKP
4198;4198;MKP
4199;4199;MKP
4200;4200;MKP
4201;4201;MKP
4202;4202;MKP
4203;4203;MKP
4204;4204;MKP
4205;4205;MKP
4206;4206;MKP
4207;4207;MKP
4208;4208;MKP
4209;4209;MKP
4210;4210;MKP
4211;4211;MKP
4212;4212;MKP
4213;4213;MKP
4214;4214;MKP
4215;4215;MKP
4216;4216;MKP
4217;4217;MKP
4218;4218;MKP
4219;4219;MKP
4220;4220;MKP
4221;4221;MKP
4222;4222;MKP
4223;4223;MKP
4224;4224;MKP
4225;4225;MKP
4226;4226;MKP
4227;4227;MKP
4228;4228;MKP
4229;4229;MKP
4230;4230;MKP
4231;4231;MKP
4232;4232;MKP
4233;4233;RML
4234;4234;MKP
4235;4235;MKP
4236;4236;RML
4237;4237;MKP
4238;4238;MKP
4239;4239;MKP
4240;4240;MKP
4241;4241;MKP
4242;4242;MKP
4243;4243;MKP
4244;4244;MKP
4245;4245;MKP
4246;4246;MKP
4247;4247;MKP
4248;4248;MKP
4249;4249;RML
4250;4250;MKP
4251;4251;RML
4252;4252;MKP
4253;4253;MKP
4254;4254;MKP
4255;4255;RML
4256;4256;RML
4257;4257;MKP
4258;4258;MKP
4259;4259;MKP
4260;4260;RML
4261;4261;MKP
4262;4262;MKP
4263;4263;MKP
4264;4264;MKP
4265;4265;MKP
4266;4266;RML
4267;4267;MKP
4268;4268;MKP
4269;4269;MKP
4270;4270;MKP
4271;4271;MKP
4272;4272;MKP
4273;4273;MKP
4274;4274;MKP
4275;4275;MKP
4276;4276;RML
4277;4277;MKP
4278;4278;MKP
4279;4279;MKP
4280;4280;MKP
4281;4281;RML
4282;4282;MKP
4283;4283;MKP
4284;4284;MKP
4285;4285;MKP
4286;4286;MKP
4287;4287;RML
4288;4288;MKP
4289;4289;MKP
4290;4290;MKP
4291;4291;MKP
4292;4292;MKP
4293;4293;MKP
4294;4294;MKP
4295;4295;MKP
4296;4296;MKP
4297;4297;MKP
4298;4298;MKP
4299;4299;MKP
4300;4300;MKP
4301;4301;MKP
4302;4302;RML
4303;4303;MKP
4304;4304;MKP
4305;4305;MKP
4306;4306;MKP
4307;4307;MKP
4308;4308;MKP
4309;4309;MKP
4310;4310;MKP
4311;4311;MKP
4312;4312;MKP
4313;4313;RML
4314;4314;MKP
4315;4315;MKP
4316;4316;MKP
4317;4317;RML
4318;4318;RML
4319;4319;MKP
4320;4320;RML
4321;4321;RML
4322;4322;MKP
4323;4323;MKP
4324;4324;RML
4325;4325;MKP
4326;4326;MKP
4327;4327;RML
4328;4328;RML
4329;4329;MKP
4330;4330;RML
4331;4331;MKP
4332;4332;MKP
4333;4333;MKP
4334;4334;MKP
4335;4335;MKP
4336;4336;MKP
4337;4337;MKP
4338;4338;MKP
4339;4339;MKP
4340;4340;MKP
4341;4341;MKP
4342;4342;MKP
4343;4343;MKP
4344;4344;MKP
4345;4345;MKP
4346;4346;MKP
4347;4347;MKP
4348;4348;MKP
4349;4349;MKP
4350;4350;MKP
4351;4351;MKP
4352;4352;RML
4353;4353;MKP
4354;4354;MKP
4355;4355;MKP
4356;4356;MKP
4357;4357;MKP
4358;4358;MKP
4359;4359;MKP
4360;4360;MKP
4361;4361;MKP
4362;4362;MKP
4363;4363;MKP
4364;4364;MKP
4365;4365;MKP
4366;4366;MKP
4367;4367;RML
4368;4368;MKP
4369;4369;MKP
4370;4370;MKP
4371;4371;MKP
4372;4372;MKP
4373;4373;MKP
4374;4374;MKP
4375;4375;MKP
4376;4376;MKP
4377;4377;MKP
4378;4378;MKP
4379;4379;MKP
4380;4380;MKP
4381;4381;MKP
4382;4382;MKP
4383;4383;MKP
4384;4384;MKP
4385;4385;MKP
4386;4386;MKP
4387;4387;MKP
4388;4388;RML
4389;4389;MKP
4390;4390;MKP
4391;4391;MKP
4392;4392;MKP
4393;4393;MKP
4394;4394;MKP
4395;4395;MKP
4396;4396;MKP
4397;4397;MKP
4398;4398;MKP
4399;4399;MKP
4400;4400;MKP
4401;4401;MKP
4402;4402;MKP
4403;4403;MKP
4404;4404;MKP
4405;4405;RML
4406;4406;MKP
4407;4407;MKP
4408;4408;MKP
4409;4409;MKP
4410;4410;MKP
4411;4411;MKP
4412;4412;MKP
4413;4413;MKP
4414;4414;MKP
4415;4415;MKP
4416;4416;RML
4417;4417;MKP
4418;4418;MKP
4419;4419;MKP
4420;4420;MKP
4421;4421;MKP
4422;4422;MKP
4423;4423;MKP
4424;4424;MKP
4425;4425;MKP
4426;4426;MKP
4427;4427;MKP
4428;4428;RML
4429;4429;MKP
4430;4430;MKP
4431;4431;RML
4432;4432;MKP
4433;4433;RML
4434;4434;RML
4435;4435;RML
4436;4436;RML
4437;4437;MKP
4438;4438;MKP
4439;4439;MKP
4440;4440;MKP
4441;4441;RML
4442;4442;RML
4443;4443;RML
4444;4444;RML
4445;4445;RML
4446;4446;RML
4447;4447;RML
4448;4448;RML
4449;4449;MKP
4450;4450;MKP
4451;4451;MKP
4452;4452;RML
4453;4453;RML
4454;4454;RML
4455;4455;RML
4456;4456;RML
4457;4457;RML
4458;4458;RML
4459;4459;MKP
4460;4460;MKP
4461;4461;MKP
4462;4462;RML
4463;4463;RML
4464;4464;RML
4465;4465;RML
4466;4466;MKP
4467;4467;MKP
4468;4468;MKP
4469;4469;MKP
4470;4470;MKP
4471;4471;RML
4472;4472;RML
4473;4473;RML
4474;4474;RML
4475;4475;RML
4476;4476;RML
4477;4477;RML
4478;4478;RML
4479;4479;MKP
4480;4480;RML
4481;4481;RML
4482;4482;RML
4483;4483;MKP
4484;4484;MKP
4485;4485;RML
4486;4486;RML
4487;4487;MKP
4488;4488;MKP
4489;4489;MKP
4490;4490;MKP
4491;4491;RML
4492;4492;RML
4493;4493;RML
4494;4494;RML
4495;4495;MKP
4496;4496;MKP
4497;4497;MKP
4498;4498;MKP
4499;4499;RML
4500;4500;MKP
4501;4501;RML
4502;4502;RML
4503;4503;RML
4504;4504;MKP
4505;4505;MKP
4506;4506;RML
4507;4507;RML
4508;4508;MKP
4509;4509;MKP
4510;4510;MKP
4511;4511;RML
4512;4512;RML
4513;4513;RML
4514;4514;RML
4515;4515;RML
4516;4516;MKP
4517;4517;MKP
4518;4518;MKP
4519;4519;MKP
4520;4520;MKP
4521;4521;MKP
4522;4522;MKP
4523;4523;RML
4524;4524;MKP
4525;4525;RML
4526;4526;MKP
4527;4527;MKP
4528;4528;MKP
4529;4529;MKP
4530;4530;MKP
4531;4531;MKP
4532;4532;RML
4533;4533;RML
4534;4534;RML
4535;4535;RML
4536;4536;MKP
4537;4537;MKP
4538;4538;RML
4539;4539;MKP
4540;4540;MKP
4541;4541;MKP
4542;4542;MKP
4543;4543;RML
4544;4544;RML
4545;4545;RML
4546;4546;MKP
4547;4547;MKP
4548;4548;MKP
4549;4549;MKP
4550;4550;MKP
4551;4551;MKP
4552;4552;RML
4553;4553;MKP
4554;4554;RML
4555;4555;MKP
4556;4556;MKP
4557;4557;RML
4558;4558;MKP
4559;4559;MKP
4560;4560;MKP
4561;4561;RML
4562;4562;MKP
4563;4563;MKP
4564;4564;MKP
4565;4565;RML
4566;4566;MKP
4567;4567;MKP
4568;4568;MKP
4569;4569;MKP
4570;4570;MKP
4571;4571;MKP
4572;4572;MKP
4573;4573;RML
4574;4574;MKP
4575;4575;MKP
4576;4576;RML
4577;4577;MKP
4578;4578;RML
4579;4579;RML
4580;4580;RML
4581;4581;RML
4582;4582;RML
4583;4583;MKP
4584;4584;MKP
4585;4585;MKP
4586;4586;MKP
4587;4587;RML
4588;4588;RML
4589;4589;MKP
4590;4590;MKP
4591;4591;MKP
4592;4592;RML
4593;4593;MKP
4594;4594;MKP
4595;4595;MKP
4596;4596;MKP
4597;4597;RML
4598;4598;MKP
4599;4599;MKP
4600;4600;MKP
4601;4601;MKP
4602;4602;RML
4603;4603;MKP
4604;4604;MKP
4605;4605;RML
4606;4606;MKP
4607;4607;RML
4608;4608;MKP
4609;4609;MKP
4610;4610;MKP
4611;4611;MKP
4612;4612;RML
4613;4613;MKP
4614;4614;MKP
4615;4615;RML
4616;4616;MKP
4617;4617;MKP
4618;4618;RML
4619;4619;RML
4620;4620;RML
4621;4621;MKP
4622;4622;MKP
4623;4623;MKP
4624;4624;MKP
4625;4625;MKP
4626;4626;RML
4627;4627;RML
4628;4628;MKP
4629;4629;MKP
4630;4630;MKP
4631;4631;RML
4632;4632;MKP
4633;4633;MKP
4634;4634;MKP
4635;4635;MKP
4636;4636;MKP
4637;4637;MKP
4638;4638;MKP
4639;4639;RML
4640;4640;MKP
4641;4641;MKP
4642;4642;RML
4643;4643;MKP
4644;4644;MKP
4645;4645;MKP
4646;4646;MKP
4647;4647;RML
4648;4648;MKP
4649;4649;RML
4650;4650;MKP
4651;4651;RML
4652;4652;MKP
4653;4653;MKP
4654;4654;RML
4655;4655;RML
4656;4656;RML
4657;4657;RML
4658;4658;RML
4659;4659;RML
4660;4660;MKP
4661;4661;MKP
4662;4662;RML
4663;4663;RML
4664;4664;MKP
4665;4665;MKP
4666;4666;RML
4667;4667;MKP
4668;4668;MKP
4669;4669;MKP
4670;4670;RML
4671;4671;MKP
4672;4672;RML
4673;4673;MKP
4674;4674;MKP
4675;4675;MKP
4676;4676;MKP
4677;4677;MKP
4678;4678;MKP
4679;4679;MKP
4680;4680;RML
4681;4681;MKP
4682;4682;MKP
4683;4683;MKP
4684;4684;MKP
4685;4685;MKP
4686;4686;MKP
4687;4687;MKP
4688;4688;MKP
4689;4689;MKP
4690;4690;MKP
4691;4691;MKP
4692;4692;MKP
4693;4693;MKP
4694;4694;MKP
4695;4695;MKP
4696;4696;MKP
4697;4697;MKP
4698;4698;MKP
4699;4699;MKP
4700;4700;MKP
4701;4701;MKP
4702;4702;RML
4703;4703;MKP
4704;4704;MKP
4705;4705;MKP
4706;4706;MKP
4707;4707;MKP
4708;4708;MKP
4709;4709;MKP
4710;4710;MKP
4711;4711;MKP
4712;4712;MKP
4713;4713;MKP
4714;4714;MKP
4715;4715;MKP
4716;4716;MKP
4717;4717;MKP
4718;4718;MKP
4719;4719;MKP
4720;4720;MKP
4721;4721;RML
4722;4722;RML
4723;4723;MKP
4724;4724;MKP
4725;4725;MKP
4726;4726;RML
4727;4727;RML
4728;4728;RML
4729;4729;RML
4730;4730;RML
4731;4731;RML
4732;4732;RML
4733;4733;RML
4734;4734;RML
4735;4735;RML
4736;4736;RML
4737;4737;RML
4738;4738;RML
4739;4739;MKP
4740;4740;MKP
4741;4741;RML
4742;4742;MKP
4743;4743;RML
4744;4744;RML
4745;4745;RML
4746;4746;RML
4747;4747;MKP
4748;4748;MKP
4749;4749;MKP
4750;4750;MKP
4751;4751;MKP
4752;4752;MKP
4753;4753;MKP
4754;4754;MKP
4755;4755;MKP
4756;4756;MKP
4757;4757;MKP
4758;4758;MKP
4759;4759;MKP
4760;4760;MKP
4761;4761;MKP
4762;4762;MKP
4763;4763;MKP
4764;4764;MKP
4765;4765;MKP
4766;4766;MKP
4767;4767;MKP
4768;4768;MKP
4769;4769;MKP
4770;4770;MKP
4771;4771;MKP
